league,season,team,players_used,Playing Time_MP,Playing Time_Starts,Playing Time_Min,90s,Performance_GA,Performance_GA90,Performance_SoTA,Performance_Saves,Performance_Save%,Performance_W,Performance_D,Performance_L,Performance_CS,Performance_CS%,Penalty Kicks_PKatt,Penalty Kicks_PKA,Penalty Kicks_PKsv,Penalty Kicks_PKm,Penalty Kicks_Save%,url
ENG-Premier League,2223,Arsenal,1,38,38,3420,38,43,1.13,136,94,70.6,26,6,6,14,36.8,5,3,0,2,0.0,/en/squads/18bb7c10/2022-2023/Arsenal-Stats
ENG-Premier League,2223,Aston Villa,2,38,38,3420,38,46,1.21,151,108,72.8,18,7,13,12,31.6,6,5,1,0,16.7,/en/squads/8602292d/2022-2023/Aston-Villa-Stats
ENG-Premier League,2223,Bournemouth,2,38,38,3420,38,71,1.87,204,136,68.1,11,6,21,8,21.1,7,6,0,1,0.0,/en/squads/4ba7cbea/2022-2023/Bournemouth-Stats
ENG-Premier League,2223,Brentford,1,38,38,3420,38,46,1.21,197,154,77.7,15,14,9,12,31.6,2,2,0,0,0.0,/en/squads/cd051869/2022-2023/Brentford-Stats
ENG-Premier League,2223,Brighton,2,38,38,3420,38,53,1.39,131,82,64.1,18,8,12,12,31.6,8,6,2,0,25.0,/en/squads/d07537b9/2022-2023/Brighton-and-Hove-Albion-Stats
ENG-Premier League,2223,Chelsea,2,38,38,3420,38,47,1.24,159,115,71.1,11,11,16,10,26.3,1,1,0,0,0.0,/en/squads/cff3d9bb/2022-2023/Chelsea-Stats
ENG-Premier League,2223,Crystal Palace,3,38,38,3420,38,49,1.29,160,114,71.9,11,12,15,9,23.7,4,4,0,0,0.0,/en/squads/47c64c55/2022-2023/Crystal-Palace-Stats
ENG-Premier League,2223,Everton,2,38,38,3420,38,57,1.5,185,127,71.9,8,12,18,9,23.7,6,5,1,0,16.7,/en/squads/d3fd31cc/2022-2023/Everton-Stats
ENG-Premier League,2223,Fulham,2,38,38,3420,38,53,1.39,196,144,76.5,15,7,16,9,23.7,8,7,1,0,12.5,/en/squads/fd962109/2022-2023/Fulham-Stats
ENG-Premier League,2223,Leeds United,2,38,38,3420,38,78,2.05,185,108,60.5,7,10,21,5,13.2,6,5,0,1,0.0,/en/squads/5bfb9659/2022-2023/Leeds-United-Stats
ENG-Premier League,2223,Leicester City,2,38,38,3420,38,68,1.79,178,113,64.0,9,7,22,7,18.4,5,4,1,0,20.0,/en/squads/a2d435b3/2022-2023/Leicester-City-Stats
ENG-Premier League,2223,Liverpool,2,38,38,3420,38,47,1.24,157,111,71.3,19,10,9,14,36.8,4,2,1,1,33.3,/en/squads/822bd0ba/2022-2023/Liverpool-Stats
ENG-Premier League,2223,Manchester City,2,38,38,3420,38,33,0.87,92,60,67.4,28,5,5,13,34.2,3,3,0,0,0.0,/en/squads/b8fd03ef/2022-2023/Manchester-City-Stats
ENG-Premier League,2223,Manchester Utd,1,38,38,3420,38,43,1.13,142,99,71.1,23,6,9,17,44.7,3,2,1,0,33.3,/en/squads/19538871/2022-2023/Manchester-United-Stats
ENG-Premier League,2223,Newcastle United,2,38,38,3418,38,33,0.87,127,94,75.6,19,14,5,14,36.8,5,2,2,1,50.0,/en/squads/b2b47a98/2022-2023/Newcastle-United-Stats
ENG-Premier League,2223,Nottingham Forest,3,38,38,3420,38,68,1.79,182,112,65.9,9,11,18,8,21.1,9,6,2,1,25.0,/en/squads/e4a775cb/2022-2023/Nottingham-Forest-Stats
ENG-Premier League,2223,Southampton,2,38,38,3420,38,73,1.92,150,81,52.7,6,7,25,4,10.5,3,2,1,0,33.3,/en/squads/33c895d4/2022-2023/Southampton-Stats
ENG-Premier League,2223,Tottenham Hotspur,2,38,38,3420,38,63,1.66,172,109,65.1,18,6,14,10,26.3,4,3,1,0,25.0,/en/squads/361ca564/2022-2023/Tottenham-Hotspur-Stats
ENG-Premier League,2223,West Ham United,2,38,38,3420,38,55,1.45,170,115,70.0,11,7,20,9,23.7,6,4,1,1,20.0,/en/squads/7c21e445/2022-2023/West-Ham-United-Stats
ENG-Premier League,2223,Wolves,2,38,38,3420,38,58,1.53,174,115,67.8,11,8,19,11,28.9,4,2,2,0,50.0,/en/squads/8cec06e1/2022-2023/Wolverhampton-Wanderers-Stats
ENG-Premier League,2324,Arsenal,2,38,38,3420,38,29,0.76,83,54,67.5,28,5,5,18,47.4,3,2,1,0,33.3,/en/squads/18bb7c10/2023-2024/Arsenal-Stats
ENG-Premier League,2324,Aston Villa,2,38,38,3420,38,61,1.61,173,115,65.3,20,8,10,8,21.1,2,1,1,0,50.0,/en/squads/8602292d/2023-2024/Aston-Villa-Stats
ENG-Premier League,2324,Bournemouth,3,38,38,3420,38,67,1.76,194,127,68.6,13,9,16,9,23.7,7,6,1,0,14.3,/en/squads/4ba7cbea/2023-2024/Bournemouth-Stats
ENG-Premier League,2324,Brentford,2,38,38,3420,38,65,1.71,184,119,65.8,10,9,19,7,18.4,2,2,0,0,0.0,/en/squads/cd051869/2023-2024/Brentford-Stats
ENG-Premier League,2324,Brighton,2,38,38,3420,38,62,1.63,165,105,66.1,12,12,14,6,15.8,6,6,0,0,0.0,/en/squads/d07537b9/2023-2024/Brighton-and-Hove-Albion-Stats
ENG-Premier League,2324,Burnley,2,38,38,3420,38,78,2.05,244,168,70.5,5,9,24,2,5.3,7,6,1,0,14.3,/en/squads/943e8050/2023-2024/Burnley-Stats
ENG-Premier League,2324,Chelsea,2,38,38,3420,38,63,1.66,186,125,67.7,18,9,11,8,21.1,5,3,1,1,25.0,/en/squads/cff3d9bb/2023-2024/Chelsea-Stats
ENG-Premier League,2324,Crystal Palace,3,38,38,3420,38,58,1.53,154,98,64.3,13,10,15,10,26.3,3,3,0,0,0.0,/en/squads/47c64c55/2023-2024/Crystal-Palace-Stats
ENG-Premier League,2324,Everton,1,38,38,3420,38,51,1.34,165,117,73.9,13,9,16,13,34.2,8,8,0,0,0.0,/en/squads/d3fd31cc/2023-2024/Everton-Stats
ENG-Premier League,2324,Fulham,1,38,38,3420,38,61,1.61,190,133,72.1,13,8,17,10,26.3,8,8,0,0,0.0,/en/squads/fd962109/2023-2024/Fulham-Stats
ENG-Premier League,2324,Liverpool,2,38,38,3420,38,41,1.08,147,108,72.8,24,10,4,10,26.3,1,1,0,0,0.0,/en/squads/822bd0ba/2023-2024/Liverpool-Stats
ENG-Premier League,2324,Luton Town,2,38,38,3420,38,85,2.24,223,142,63.7,6,8,24,2,5.3,4,4,0,0,0.0,/en/squads/e297cd13/2023-2024/Luton-Town-Stats
ENG-Premier League,2324,Manchester City,2,38,38,3420,38,34,0.89,109,76,71.6,28,7,3,13,34.2,3,3,0,0,0.0,/en/squads/b8fd03ef/2023-2024/Manchester-City-Stats
ENG-Premier League,2324,Manchester Utd,1,38,38,3420,38,58,1.53,203,146,74.9,18,6,14,9,23.7,7,7,0,0,0.0,/en/squads/19538871/2023-2024/Manchester-United-Stats
ENG-Premier League,2324,Newcastle United,3,38,38,3420,38,62,1.63,195,133,70.3,18,6,14,10,26.3,5,4,1,0,20.0,/en/squads/b2b47a98/2023-2024/Newcastle-United-Stats
ENG-Premier League,2324,Nottingham Forest,3,38,38,3420,38,67,1.76,163,98,61.3,9,9,20,4,10.5,4,4,0,0,0.0,/en/squads/e4a775cb/2023-2024/Nottingham-Forest-Stats
ENG-Premier League,2324,Sheffield United,2,38,38,3420,38,104,2.74,263,166,62.4,3,7,28,1,2.6,7,5,0,2,0.0,/en/squads/1df6b87e/2023-2024/Sheffield-United-Stats
ENG-Premier League,2324,Tottenham Hotspur,1,38,38,3420,38,61,1.61,167,109,67.7,20,6,12,7,18.4,7,7,0,0,0.0,/en/squads/361ca564/2023-2024/Tottenham-Hotspur-Stats
ENG-Premier League,2324,West Ham United,2,38,38,3420,38,74,1.95,241,169,72.6,14,10,14,5,13.2,10,8,2,0,20.0,/en/squads/7c21e445/2023-2024/West-Ham-United-Stats
ENG-Premier League,2324,Wolves,2,38,38,3420,38,65,1.71,203,139,71.9,13,7,18,5,13.2,8,8,0,0,0.0,/en/squads/8cec06e1/2023-2024/Wolverhampton-Wanderers-Stats
ENG-Premier League,2425,Arsenal,1,38,38,3420,38,34,0.89,120,86,74.2,20,14,4,13,34.2,3,3,0,0,0.0,/en/squads/18bb7c10/2024-2025/Arsenal-Stats
ENG-Premier League,2425,Aston Villa,2,38,38,3420,38,51,1.34,156,104,68.6,19,9,10,9,23.7,3,2,1,0,33.3,/en/squads/8602292d/2024-2025/Aston-Villa-Stats
ENG-Premier League,2425,Bournemouth,3,38,38,3420,38,46,1.21,172,126,75.6,15,11,12,9,23.7,4,4,0,0,0.0,/en/squads/4ba7cbea/2024-2025/Bournemouth-Stats
ENG-Premier League,2425,Brentford,2,38,38,3420,38,57,1.5,207,153,72.9,16,8,14,8,21.1,1,1,0,0,0.0,/en/squads/cd051869/2024-2025/Brentford-Stats
ENG-Premier League,2425,Brighton,2,38,38,3420,38,59,1.55,147,90,66.0,16,13,9,8,21.1,9,9,0,0,0.0,/en/squads/d07537b9/2024-2025/Brighton-and-Hove-Albion-Stats
ENG-Premier League,2425,Chelsea,2,38,38,3420,38,43,1.13,155,111,75.5,20,9,9,11,28.9,6,5,1,0,16.7,/en/squads/cff3d9bb/2024-2025/Chelsea-Stats
ENG-Premier League,2425,Crystal Palace,1,38,38,3420,38,51,1.34,150,101,66.7,13,14,11,11,28.9,2,1,1,0,50.0,/en/squads/47c64c55/2024-2025/Crystal-Palace-Stats
ENG-Premier League,2425,Everton,1,38,38,3420,38,44,1.16,163,117,73.0,11,15,12,12,31.6,2,0,2,0,100.0,/en/squads/d3fd31cc/2024-2025/Everton-Stats
ENG-Premier League,2425,Fulham,1,38,38,3420,38,54,1.42,159,106,67.9,15,9,14,5,13.2,4,3,1,0,25.0,/en/squads/fd962109/2024-2025/Fulham-Stats
ENG-Premier League,2425,Ipswich Town,3,38,38,3420,38,82,2.16,210,130,63.8,4,10,24,2,5.3,6,6,0,0,0.0,/en/squads/b74092de/2024-2025/Ipswich-Town-Stats
ENG-Premier League,2425,Leicester City,3,38,38,3420,38,80,2.11,209,131,63.2,6,7,25,3,7.9,4,3,1,0,25.0,/en/squads/a2d435b3/2024-2025/Leicester-City-Stats
ENG-Premier League,2425,Liverpool,3,38,38,3420,38,41,1.08,138,98,71.0,25,9,4,14,36.8,2,1,1,0,50.0,/en/squads/822bd0ba/2024-2025/Liverpool-Stats
ENG-Premier League,2425,Manchester City,2,38,38,3420,38,44,1.16,128,86,68.8,21,8,9,13,34.2,4,4,0,0,0.0,/en/squads/b8fd03ef/2024-2025/Manchester-City-Stats
ENG-Premier League,2425,Manchester Utd,2,38,38,3420,38,54,1.42,149,96,65.8,11,9,18,10,26.3,4,3,1,0,25.0,/en/squads/19538871/2024-2025/Manchester-United-Stats
ENG-Premier League,2425,Newcastle United,2,38,38,3420,38,47,1.24,161,115,71.4,20,6,12,13,34.2,2,1,1,0,50.0,/en/squads/b2b47a98/2024-2025/Newcastle-United-Stats
ENG-Premier League,2425,Nottingham Forest,1,38,38,3420,38,46,1.21,165,119,73.9,19,8,11,13,34.2,3,3,0,0,0.0,/en/squads/e4a775cb/2024-2025/Nottingham-Forest-Stats
ENG-Premier League,2425,Southampton,3,38,38,3420,38,86,2.26,245,157,67.8,2,6,30,3,7.9,9,7,2,0,22.2,/en/squads/33c895d4/2024-2025/Southampton-Stats
ENG-Premier League,2425,Tottenham Hotspur,4,38,38,3420,38,65,1.71,180,119,65.6,11,5,22,6,15.8,3,3,0,0,0.0,/en/squads/361ca564/2024-2025/Tottenham-Hotspur-Stats
ENG-Premier League,2425,West Ham United,2,38,38,3420,38,62,1.63,186,127,68.3,11,10,17,7,18.4,3,3,0,0,0.0,/en/squads/7c21e445/2024-2025/West-Ham-United-Stats
ENG-Premier League,2425,Wolves,4,38,38,3420,38,69,1.82,168,100,63.1,12,6,20,8,21.1,9,7,2,0,22.2,/en/squads/8cec06e1/2024-2025/Wolverhampton-Wanderers-Stats
ENG-Premier League,2526,Arsenal,1,36,36,3240,36,26,0.72,86,59,69.8,24,7,5,18,50.0,0,0,0,0,,/en/squads/18bb7c10/Arsenal-Stats
ENG-Premier League,2526,Aston Villa,2,36,36,3240,36,46,1.28,153,109,70.6,17,8,11,9,25.0,2,1,1,0,50.0,/en/squads/8602292d/Aston-Villa-Stats
ENG-Premier League,2526,Bournemouth,1,36,36,3240,36,52,1.44,149,103,69.1,13,16,7,11,30.6,6,6,0,0,0.0,/en/squads/4ba7cbea/Bournemouth-Stats
ENG-Premier League,2526,Brentford,2,36,36,3240,36,49,1.36,138,96,67.4,14,9,13,10,27.8,7,4,3,0,42.9,/en/squads/cd051869/Brentford-Stats
ENG-Premier League,2526,Brighton,1,36,36,3240,36,42,1.17,135,97,72.6,14,11,11,10,27.8,6,5,1,0,16.7,/en/squads/d07537b9/Brighton-and-Hove-Albion-Stats
ENG-Premier League,2526,Burnley,2,36,36,3240,36,73,2.03,199,132,66.3,4,9,23,4,11.1,7,6,0,1,0.0,/en/squads/943e8050/Burnley-Stats
ENG-Premier League,2526,Chelsea,2,36,36,3238,36,51,1.42,148,98,66.9,13,10,13,9,25.0,2,2,0,0,0.0,/en/squads/cff3d9bb/Chelsea-Stats
ENG-Premier League,2526,Crystal Palace,2,35,35,3150,35,44,1.26,139,100,71.9,11,11,13,12,34.3,7,5,1,1,16.7,/en/squads/47c64c55/Crystal-Palace-Stats
ENG-Premier League,2526,Everton,1,36,36,3240,36,46,1.28,140,98,69.3,13,10,13,11,30.6,4,3,1,0,25.0,/en/squads/d3fd31cc/Everton-Stats
ENG-Premier League,2526,Fulham,1,36,36,3240,36,50,1.39,141,94,66.7,14,6,16,8,22.2,4,3,0,1,0.0,/en/squads/fd962109/Fulham-Stats
ENG-Premier League,2526,Leeds United,2,36,36,3240,36,53,1.47,136,89,65.4,10,14,12,7,19.4,6,6,0,0,0.0,/en/squads/5bfb9659/Leeds-United-Stats
ENG-Premier League,2526,Liverpool,3,36,36,3240,36,48,1.33,137,93,67.2,17,8,11,10,27.8,4,3,1,0,25.0,/en/squads/822bd0ba/Liverpool-Stats
ENG-Premier League,2526,Manchester City,2,35,35,3150,35,32,0.91,114,82,72.8,22,8,5,15,42.9,2,1,1,0,50.0,/en/squads/b8fd03ef/Manchester-City-Stats
ENG-Premier League,2526,Manchester Utd,2,36,36,3240,36,48,1.33,132,87,66.7,18,11,7,7,19.4,4,4,0,0,0.0,/en/squads/19538871/Manchester-United-Stats
ENG-Premier League,2526,Newcastle United,2,36,36,3240,36,52,1.44,149,102,68.5,13,7,16,8,22.2,5,5,0,0,0.0,/en/squads/b2b47a98/Newcastle-United-Stats
ENG-Premier League,2526,Nottingham Forest,4,36,36,3240,36,47,1.31,140,99,70.0,11,10,15,9,25.0,6,5,1,0,16.7,/en/squads/e4a775cb/Nottingham-Forest-Stats
ENG-Premier League,2526,Sunderland,2,36,36,3240,36,46,1.28,156,113,71.8,12,12,12,11,30.6,3,2,1,0,33.3,/en/squads/8ef52968/Sunderland-Stats
ENG-Premier League,2526,Tottenham Hotspur,2,36,36,3240,36,55,1.53,142,90,63.4,9,11,16,8,22.2,3,3,0,0,0.0,/en/squads/361ca564/Tottenham-Hotspur-Stats
ENG-Premier League,2526,West Ham United,2,36,36,3240,36,62,1.72,179,122,68.7,9,9,18,6,16.7,7,6,0,1,0.0,/en/squads/7c21e445/West-Ham-United-Stats
ENG-Premier League,2526,Wolves,3,36,36,3240,36,66,1.83,162,100,61.7,3,9,24,4,11.1,4,4,0,0,0.0,/en/squads/8cec06e1/Wolverhampton-Wanderers-Stats
ESP-La Liga,2223,Almería,3,38,38,3420,38,65,1.71,203,138,70.0,11,8,19,4,10.5,6,4,1,1,20.0,/en/squads/78ecf4bb/2022-2023/Almeria-Stats
ESP-La Liga,2223,Athletic Club,2,38,38,3420,38,43,1.13,123,83,67.5,14,9,15,11,28.9,3,3,0,0,0.0,/en/squads/2b390eca/2022-2023/Athletic-Club-Stats
ESP-La Liga,2223,Atlético Madrid,3,38,38,3420,38,33,0.87,128,95,77.3,23,8,7,13,34.2,5,4,0,1,0.0,/en/squads/db3b9613/2022-2023/Atletico-Madrid-Stats
ESP-La Liga,2223,Barcelona,2,38,38,3420,38,20,0.53,102,85,83.3,28,4,6,26,68.4,3,3,0,0,0.0,/en/squads/206d90db/2022-2023/Barcelona-Stats
ESP-La Liga,2223,Celta Vigo,2,38,38,3420,38,53,1.39,134,80,64.2,11,10,17,10,26.3,8,5,2,1,28.6,/en/squads/f25da7fb/2022-2023/Celta-Vigo-Stats
ESP-La Liga,2223,Cádiz,2,38,38,3420,38,53,1.39,202,148,78.2,10,12,16,13,34.2,10,9,1,0,10.0,/en/squads/ee7c297c/2022-2023/Cadiz-Stats
ESP-La Liga,2223,Elche,2,38,38,3420,38,67,1.76,208,140,71.2,5,10,23,4,10.5,10,7,3,0,30.0,/en/squads/6c8b07df/2022-2023/Elche-Stats
ESP-La Liga,2223,Espanyol,4,38,38,3419,38,69,1.82,183,115,65.0,8,13,17,6,15.8,6,5,1,0,16.7,/en/squads/a8661628/2022-2023/Espanyol-Stats
ESP-La Liga,2223,Getafe,1,38,38,3420,38,45,1.18,166,119,75.3,10,12,16,13,34.2,8,4,4,0,50.0,/en/squads/7848bd64/2022-2023/Getafe-Stats
ESP-La Liga,2223,Girona,2,38,38,3420,38,55,1.45,168,112,70.8,13,10,15,4,10.5,8,6,1,1,14.3,/en/squads/9024a00a/2022-2023/Girona-Stats
ESP-La Liga,2223,Mallorca,3,38,38,3420,38,43,1.13,145,101,74.5,14,8,16,13,34.2,7,6,1,0,14.3,/en/squads/2aa12281/2022-2023/Mallorca-Stats
ESP-La Liga,2223,Osasuna,2,38,38,3420,38,42,1.11,148,107,72.3,15,8,15,11,28.9,4,1,1,2,50.0,/en/squads/03c57e2b/2022-2023/Osasuna-Stats
ESP-La Liga,2223,Rayo Vallecano,2,38,38,3420,38,53,1.39,144,95,66.0,13,10,15,9,23.7,5,4,0,1,0.0,/en/squads/98e8af82/2022-2023/Rayo-Vallecano-Stats
ESP-La Liga,2223,Real Betis,2,38,38,3420,38,41,1.08,146,106,74.0,17,9,12,13,34.2,3,3,0,0,0.0,/en/squads/fc536746/2022-2023/Real-Betis-Stats
ESP-La Liga,2223,Real Madrid,2,38,38,3420,38,36,0.95,136,100,76.5,24,6,8,13,34.2,5,4,1,0,20.0,/en/squads/53a2f082/2022-2023/Real-Madrid-Stats
ESP-La Liga,2223,Real Sociedad,1,38,38,3420,38,35,0.92,133,99,74.4,21,8,9,15,39.5,2,1,1,0,50.0,/en/squads/e31d1cd9/2022-2023/Real-Sociedad-Stats
ESP-La Liga,2223,Sevilla,2,38,38,3420,38,54,1.42,161,109,67.7,13,10,15,9,23.7,3,2,1,0,33.3,/en/squads/ad2be733/2022-2023/Sevilla-Stats
ESP-La Liga,2223,Valencia,1,38,38,3420,38,45,1.18,148,105,70.9,11,9,18,7,18.4,5,2,0,3,0.0,/en/squads/dcc91a7b/2022-2023/Valencia-Stats
ESP-La Liga,2223,Valladolid,3,38,38,3420,38,63,1.66,199,134,71.4,11,7,20,9,23.7,10,6,3,1,33.3,/en/squads/17859612/2022-2023/Valladolid-Stats
ESP-La Liga,2223,Villarreal,3,38,38,3420,38,40,1.05,149,110,75.8,19,7,12,12,31.6,4,4,0,0,0.0,/en/squads/2a8183b3/2022-2023/Villarreal-Stats
ESP-La Liga,2324,Alavés,2,38,38,3420,38,46,1.21,147,103,74.1,12,10,16,11,28.9,8,8,0,0,0.0,/en/squads/8d6fd021/2023-2024/Alaves-Stats
ESP-La Liga,2324,Almería,3,38,38,3420,38,75,1.97,202,126,65.8,3,12,23,6,15.8,9,6,1,2,14.3,/en/squads/78ecf4bb/2023-2024/Almeria-Stats
ESP-La Liga,2324,Athletic Club,2,38,38,3420,38,37,0.97,134,98,73.1,19,11,8,18,47.4,5,1,3,1,75.0,/en/squads/2b390eca/2023-2024/Athletic-Club-Stats
ESP-La Liga,2324,Atlético Madrid,1,38,38,3420,38,43,1.13,144,101,70.8,24,4,10,13,34.2,2,1,0,1,0.0,/en/squads/db3b9613/2023-2024/Atletico-Madrid-Stats
ESP-La Liga,2324,Barcelona,2,38,38,3420,38,44,1.16,141,97,70.2,26,7,5,17,44.7,2,2,0,0,0.0,/en/squads/206d90db/2023-2024/Barcelona-Stats
ESP-La Liga,2324,Celta Vigo,2,38,38,3417,38,57,1.5,164,109,68.9,10,11,17,6,15.8,8,6,1,1,14.3,/en/squads/f25da7fb/2023-2024/Celta-Vigo-Stats
ESP-La Liga,2324,Cádiz,2,38,38,3420,38,55,1.45,175,121,69.7,6,15,17,10,26.3,2,2,0,0,0.0,/en/squads/ee7c297c/2023-2024/Cadiz-Stats
ESP-La Liga,2324,Getafe,2,38,38,3420,38,54,1.42,173,118,71.7,10,13,15,10,26.3,7,5,1,1,16.7,/en/squads/7848bd64/2023-2024/Getafe-Stats
ESP-La Liga,2324,Girona,1,38,38,3420,38,46,1.21,168,121,75.6,25,6,7,12,31.6,7,5,1,1,16.7,/en/squads/9024a00a/2023-2024/Girona-Stats
ESP-La Liga,2324,Granada,4,38,38,3420,38,79,2.08,203,126,63.5,4,9,25,3,7.9,6,5,0,1,0.0,/en/squads/a0435291/2023-2024/Granada-Stats
ESP-La Liga,2324,Las Palmas,2,38,38,3416,38,47,1.24,156,109,73.1,10,10,18,8,21.1,9,5,3,1,37.5,/en/squads/0049d422/2023-2024/Las-Palmas-Stats
ESP-La Liga,2324,Mallorca,3,38,38,3420,38,44,1.16,148,104,73.0,8,16,14,10,26.3,5,4,1,0,20.0,/en/squads/2aa12281/2023-2024/Mallorca-Stats
ESP-La Liga,2324,Osasuna,2,38,38,3420,38,56,1.47,152,95,63.8,12,9,17,10,26.3,2,1,1,0,50.0,/en/squads/03c57e2b/2023-2024/Osasuna-Stats
ESP-La Liga,2324,Rayo Vallecano,2,38,38,3420,38,48,1.26,151,104,68.9,8,14,16,13,34.2,2,1,1,0,50.0,/en/squads/98e8af82/2023-2024/Rayo-Vallecano-Stats
ESP-La Liga,2324,Real Betis,3,38,38,3420,38,45,1.18,158,115,75.9,14,15,9,13,34.2,8,7,1,0,12.5,/en/squads/fc536746/2023-2024/Real-Betis-Stats
ESP-La Liga,2324,Real Madrid,3,38,38,3420,38,26,0.68,118,93,78.8,29,8,1,21,55.3,1,1,0,0,0.0,/en/squads/53a2f082/2023-2024/Real-Madrid-Stats
ESP-La Liga,2324,Real Sociedad,2,38,38,3417,38,39,1.03,135,96,75.6,16,12,10,15,39.5,7,6,1,0,14.3,/en/squads/e31d1cd9/2023-2024/Real-Sociedad-Stats
ESP-La Liga,2324,Sevilla,3,38,38,3420,38,54,1.42,175,123,72.0,10,11,17,8,21.1,5,5,0,0,0.0,/en/squads/ad2be733/2023-2024/Sevilla-Stats
ESP-La Liga,2324,Valencia,3,38,38,3420,38,45,1.18,160,114,73.8,13,10,15,13,34.2,6,3,3,0,50.0,/en/squads/dcc91a7b/2023-2024/Valencia-Stats
ESP-La Liga,2324,Villarreal,2,38,38,3420,38,65,1.71,214,150,72.4,14,11,13,6,15.8,6,6,0,0,0.0,/en/squads/2a8183b3/2023-2024/Villarreal-Stats
ESP-La Liga,2425,Alavés,3,38,38,3419,38,48,1.26,132,86,72.0,10,12,16,9,23.7,11,11,0,0,0.0,/en/squads/8d6fd021/2024-2025/Alaves-Stats
ESP-La Liga,2425,Athletic Club,3,38,38,3417,38,29,0.76,113,83,77.0,19,13,6,15,39.5,5,3,2,0,40.0,/en/squads/2b390eca/2024-2025/Athletic-Club-Stats
ESP-La Liga,2425,Atlético Madrid,2,38,38,3420,38,30,0.79,116,88,78.4,22,10,6,17,44.7,5,5,0,0,0.0,/en/squads/db3b9613/2024-2025/Atletico-Madrid-Stats
ESP-La Liga,2425,Barcelona,3,38,38,3420,38,39,1.03,108,69,67.6,28,4,6,13,34.2,4,4,0,0,0.0,/en/squads/206d90db/2024-2025/Barcelona-Stats
ESP-La Liga,2425,Celta Vigo,2,38,38,3420,38,57,1.5,145,89,62.8,16,7,15,8,21.1,4,3,1,0,25.0,/en/squads/f25da7fb/2024-2025/Celta-Vigo-Stats
ESP-La Liga,2425,Espanyol,1,38,38,3420,38,51,1.34,193,141,75.6,11,9,18,8,21.1,6,4,2,0,33.3,/en/squads/a8661628/2024-2025/Espanyol-Stats
ESP-La Liga,2425,Getafe,1,38,38,3420,38,39,1.03,126,86,75.4,11,9,18,9,23.7,9,8,1,0,11.1,/en/squads/7848bd64/2024-2025/Getafe-Stats
ESP-La Liga,2425,Girona,3,38,38,3420,38,60,1.58,164,102,65.2,11,8,19,8,21.1,6,3,3,0,50.0,/en/squads/9024a00a/2024-2025/Girona-Stats
ESP-La Liga,2425,Las Palmas,2,38,38,3420,38,61,1.61,182,120,69.2,8,8,22,4,10.5,10,5,4,1,44.4,/en/squads/0049d422/2024-2025/Las-Palmas-Stats
ESP-La Liga,2425,Leganés,2,38,38,3420,38,56,1.47,175,122,72.0,9,13,16,11,28.9,8,7,0,1,0.0,/en/squads/7c6f2c78/2024-2025/Leganes-Stats
ESP-La Liga,2425,Mallorca,2,38,38,3420,38,44,1.16,165,122,75.2,13,9,16,9,23.7,3,3,0,0,0.0,/en/squads/2aa12281/2024-2025/Mallorca-Stats
ESP-La Liga,2425,Osasuna,2,38,38,3420,38,52,1.37,187,136,75.9,12,16,10,9,23.7,7,7,0,0,0.0,/en/squads/03c57e2b/2024-2025/Osasuna-Stats
ESP-La Liga,2425,Rayo Vallecano,2,38,38,3420,38,45,1.18,153,107,74.5,13,13,12,10,26.3,8,6,2,0,25.0,/en/squads/98e8af82/2024-2025/Rayo-Vallecano-Stats
ESP-La Liga,2425,Real Betis,3,38,38,3420,38,50,1.32,141,92,67.4,16,12,10,7,18.4,4,4,0,0,0.0,/en/squads/fc536746/2024-2025/Real-Betis-Stats
ESP-La Liga,2425,Real Madrid,3,38,38,3420,38,38,1.0,126,89,72.2,26,6,6,15,39.5,3,3,0,0,0.0,/en/squads/53a2f082/2024-2025/Real-Madrid-Stats
ESP-La Liga,2425,Real Sociedad,2,38,38,3420,38,46,1.21,142,94,71.1,13,7,18,13,34.2,7,5,2,0,28.6,/en/squads/e31d1cd9/2024-2025/Real-Sociedad-Stats
ESP-La Liga,2425,Sevilla,2,38,38,3420,38,55,1.45,148,93,66.2,10,11,17,10,26.3,6,5,1,0,16.7,/en/squads/ad2be733/2024-2025/Sevilla-Stats
ESP-La Liga,2425,Valencia,2,38,38,3420,38,54,1.42,148,95,67.6,11,13,14,8,21.1,9,6,2,1,25.0,/en/squads/dcc91a7b/2024-2025/Valencia-Stats
ESP-La Liga,2425,Valladolid,3,38,38,3420,38,90,2.37,204,115,59.3,4,4,30,5,13.2,7,7,0,0,0.0,/en/squads/17859612/2024-2025/Valladolid-Stats
ESP-La Liga,2425,Villarreal,2,38,38,3420,38,51,1.34,160,110,72.5,20,10,8,7,18.4,8,7,0,1,0.0,/en/squads/2a8183b3/2024-2025/Villarreal-Stats
ESP-La Liga,2526,Alavés,1,35,35,3150,35,54,1.54,141,92,65.2,9,10,16,3,8.6,5,5,0,0,0.0,/en/squads/8d6fd021/Alaves-Stats
ESP-La Liga,2526,Athletic Club,1,35,35,3150,35,51,1.46,139,93,65.5,13,5,17,6,17.1,6,3,2,1,40.0,/en/squads/2b390eca/Athletic-Club-Stats
ESP-La Liga,2526,Atlético Madrid,2,35,35,3150,35,38,1.09,113,79,69.9,19,6,10,13,37.1,5,4,0,1,0.0,/en/squads/db3b9613/Atletico-Madrid-Stats
ESP-La Liga,2526,Barcelona,2,35,35,3150,35,31,0.89,116,89,75.9,30,1,4,15,42.9,4,3,1,0,25.0,/en/squads/206d90db/Barcelona-Stats
ESP-La Liga,2526,Celta Vigo,1,35,35,3150,35,44,1.26,134,98,71.6,13,11,11,9,25.7,11,6,2,3,25.0,/en/squads/f25da7fb/Celta-Vigo-Stats
ESP-La Liga,2526,Elche,2,35,35,3150,35,54,1.54,158,110,69.6,9,12,14,7,20.0,7,6,0,1,0.0,/en/squads/6c8b07df/Elche-Stats
ESP-La Liga,2526,Espanyol,1,35,35,3150,35,53,1.51,171,123,71.9,10,9,16,9,25.7,5,5,0,0,0.0,/en/squads/a8661628/Espanyol-Stats
ESP-La Liga,2526,Getafe,1,35,35,3150,35,36,1.03,141,107,75.2,13,6,16,11,31.4,4,1,2,1,66.7,/en/squads/7848bd64/Getafe-Stats
ESP-La Liga,2526,Girona,3,35,35,3148,35,52,1.49,166,119,71.7,9,12,14,6,17.1,6,5,0,1,0.0,/en/squads/9024a00a/Girona-Stats
ESP-La Liga,2526,Levante,2,35,35,3150,35,57,1.63,175,122,69.1,9,9,17,8,22.9,4,3,1,0,25.0,/en/squads/9800b6a1/Levante-Stats
ESP-La Liga,2526,Mallorca,2,35,35,3150,35,52,1.49,157,112,70.7,10,9,16,5,14.3,7,6,1,0,14.3,/en/squads/2aa12281/Mallorca-Stats
ESP-La Liga,2526,Osasuna,2,35,35,3150,35,45,1.29,154,117,76.0,11,9,15,7,20.0,8,8,0,0,0.0,/en/squads/03c57e2b/Osasuna-Stats
ESP-La Liga,2526,Oviedo,1,35,35,3150,35,54,1.54,187,140,73.8,6,11,18,10,28.6,7,5,2,0,28.6,/en/squads/ab358912/Oviedo-Stats
ESP-La Liga,2526,Rayo Vallecano,2,35,35,3150,35,42,1.2,130,96,72.3,10,13,12,11,31.4,8,6,2,0,25.0,/en/squads/98e8af82/Rayo-Vallecano-Stats
ESP-La Liga,2526,Real Betis,2,35,35,3150,35,43,1.23,146,109,73.3,13,15,7,10,28.6,7,4,2,1,33.3,/en/squads/fc536746/Real-Betis-Stats
ESP-La Liga,2526,Real Madrid,2,35,35,3150,35,33,0.94,108,79,73.1,24,5,6,12,34.3,4,4,0,0,0.0,/en/squads/53a2f082/Real-Madrid-Stats
ESP-La Liga,2526,Real Sociedad,1,35,35,3150,35,55,1.57,143,93,65.0,11,11,13,3,8.6,5,5,0,0,0.0,/en/squads/e31d1cd9/Real-Sociedad-Stats
ESP-La Liga,2526,Sevilla,2,35,35,3150,35,56,1.6,141,95,66.7,11,7,17,6,17.1,11,9,1,1,10.0,/en/squads/ad2be733/Sevilla-Stats
ESP-La Liga,2526,Valencia,2,35,35,3150,35,50,1.43,142,98,69.0,11,9,15,9,25.7,7,6,1,0,14.3,/en/squads/dcc91a7b/Valencia-Stats
ESP-La Liga,2526,Villarreal,2,35,35,3150,35,40,1.14,124,92,73.4,21,6,8,8,22.9,8,7,1,0,12.5,/en/squads/2a8183b3/Villarreal-Stats
FRA-Ligue 1,2223,Ajaccio,3,38,38,3420,38,74,1.95,161,89,59.6,7,5,26,6,15.8,10,9,0,1,0.0,/en/squads/7a54bb4f/2022-2023/Ajaccio-Stats
FRA-Ligue 1,2223,Angers,2,38,38,3420,38,81,2.13,197,119,63.5,4,6,28,4,10.5,11,9,1,1,10.0,/en/squads/69236f98/2022-2023/Angers-Stats
FRA-Ligue 1,2223,Auxerre,3,38,38,3420,38,63,1.66,181,117,67.4,8,11,19,7,18.4,6,4,2,0,33.3,/en/squads/5ae09109/2022-2023/Auxerre-Stats
FRA-Ligue 1,2223,Brest,2,38,38,3420,38,54,1.42,179,125,73.7,11,11,16,9,23.7,9,7,2,0,22.2,/en/squads/fb08dbb3/2022-2023/Brest-Stats
FRA-Ligue 1,2223,Clermont Foot,2,38,38,3420,38,49,1.29,164,111,75.0,17,8,13,10,26.3,12,8,4,0,33.3,/en/squads/d9676424/2022-2023/Clermont-Foot-Stats
FRA-Ligue 1,2223,Lens,2,38,38,3420,38,29,0.76,129,101,79.8,25,9,4,15,39.5,3,3,0,0,0.0,/en/squads/fd4e0f7d/2022-2023/Lens-Stats
FRA-Ligue 1,2223,Lille,2,38,38,3420,38,44,1.16,122,80,67.2,19,10,9,10,26.3,5,4,1,0,20.0,/en/squads/cb188c0c/2022-2023/Lille-Stats
FRA-Ligue 1,2223,Lorient,2,38,38,3420,38,53,1.39,182,130,72.0,15,10,13,8,21.1,2,2,0,0,0.0,/en/squads/d2c87802/2022-2023/Lorient-Stats
FRA-Ligue 1,2223,Lyon,2,38,38,3417,38,47,1.24,155,111,76.8,18,8,12,8,21.1,11,11,0,0,0.0,/en/squads/d53c0b06/2022-2023/Lyon-Stats
FRA-Ligue 1,2223,Marseille,2,38,38,3420,38,40,1.05,142,105,75.4,22,7,9,10,26.3,5,5,0,0,0.0,/en/squads/5725cc7b/2022-2023/Marseille-Stats
FRA-Ligue 1,2223,Monaco,1,38,38,3420,38,58,1.53,195,140,72.8,19,8,11,9,23.7,5,5,0,0,0.0,/en/squads/fd6114db/2022-2023/Monaco-Stats
FRA-Ligue 1,2223,Montpellier,4,38,38,3420,38,62,1.63,202,138,72.3,15,5,18,11,28.9,11,6,4,1,40.0,/en/squads/281b0e73/2022-2023/Montpellier-Stats
FRA-Ligue 1,2223,Nantes,2,38,38,3419,38,55,1.45,185,134,75.1,7,15,16,11,28.9,9,9,0,0,0.0,/en/squads/d7a486cd/2022-2023/Nantes-Stats
FRA-Ligue 1,2223,Nice,2,38,38,3420,38,37,0.97,147,109,76.9,15,13,10,11,28.9,5,3,1,1,25.0,/en/squads/132ebc33/2022-2023/Nice-Stats
FRA-Ligue 1,2223,Paris Saint-Germain,2,38,38,3420,38,40,1.05,160,120,76.3,27,4,7,13,34.2,5,2,1,2,33.3,/en/squads/e2d8892c/2022-2023/Paris-Saint-Germain-Stats
FRA-Ligue 1,2223,Reims,2,38,38,3420,38,45,1.18,166,123,74.7,12,15,11,14,36.8,3,3,0,0,0.0,/en/squads/7fdd64e0/2022-2023/Reims-Stats
FRA-Ligue 1,2223,Rennes,2,38,38,3420,38,39,1.03,126,86,71.4,21,5,12,13,34.2,5,3,2,0,40.0,/en/squads/b3072e00/2022-2023/Rennes-Stats
FRA-Ligue 1,2223,Strasbourg,1,38,38,3420,38,59,1.55,174,115,71.8,9,13,16,6,15.8,11,10,0,1,0.0,/en/squads/c0d3eab4/2022-2023/Strasbourg-Stats
FRA-Ligue 1,2223,Toulouse,1,38,38,3420,38,57,1.5,179,122,70.4,13,9,16,9,23.7,7,4,3,0,42.9,/en/squads/3f8c4b5f/2022-2023/Toulouse-Stats
FRA-Ligue 1,2223,Troyes,2,38,38,3418,38,81,2.13,228,148,67.5,4,12,22,1,2.6,8,7,1,0,12.5,/en/squads/54195385/2022-2023/Troyes-Stats
FRA-Ligue 1,2324,Brest,2,34,34,3057,34,34,1.0,133,98,75.9,17,10,7,15,44.1,3,2,1,0,33.3,/en/squads/fb08dbb3/2023-2024/Brest-Stats
FRA-Ligue 1,2324,Clermont Foot,2,34,34,3060,34,60,1.76,212,152,75.0,5,10,19,5,14.7,9,7,1,1,12.5,/en/squads/d9676424/2023-2024/Clermont-Foot-Stats
FRA-Ligue 1,2324,Le Havre,2,34,34,3060,34,45,1.32,158,114,72.8,7,11,16,7,20.6,4,2,1,1,33.3,/en/squads/5c2737db/2023-2024/Le-Havre-Stats
FRA-Ligue 1,2324,Lens,2,34,34,3060,34,37,1.09,138,101,77.5,14,9,11,14,41.2,8,6,1,1,14.3,/en/squads/fd4e0f7d/2023-2024/Lens-Stats
FRA-Ligue 1,2324,Lille,2,34,34,3060,34,34,1.0,128,94,75.8,16,11,7,15,44.1,5,3,2,0,40.0,/en/squads/cb188c0c/2023-2024/Lille-Stats
FRA-Ligue 1,2324,Lorient,1,34,34,3060,34,66,1.94,207,142,72.0,7,8,19,4,11.8,8,8,0,0,0.0,/en/squads/d2c87802/2023-2024/Lorient-Stats
FRA-Ligue 1,2324,Lyon,2,34,34,3060,34,55,1.62,169,114,69.8,16,5,13,10,29.4,6,4,1,1,20.0,/en/squads/d53c0b06/2023-2024/Lyon-Stats
FRA-Ligue 1,2324,Marseille,2,34,34,3060,34,41,1.21,130,90,70.8,13,11,10,7,20.6,3,3,0,0,0.0,/en/squads/5725cc7b/2023-2024/Marseille-Stats
FRA-Ligue 1,2324,Metz,2,34,34,3060,34,58,1.71,188,130,72.3,8,5,21,6,17.6,6,6,0,0,0.0,/en/squads/f83960ae/2023-2024/Metz-Stats
FRA-Ligue 1,2324,Monaco,2,34,34,3060,34,42,1.24,151,110,75.5,20,7,7,12,35.3,6,5,1,0,16.7,/en/squads/fd6114db/2023-2024/Monaco-Stats
FRA-Ligue 1,2324,Montpellier,2,34,34,3060,34,48,1.41,171,125,74.3,10,12,12,10,29.4,5,4,1,0,20.0,/en/squads/281b0e73/2023-2024/Montpellier-Stats
FRA-Ligue 1,2324,Nantes,3,34,34,3060,34,55,1.62,156,101,70.5,9,6,19,8,23.5,10,9,0,1,0.0,/en/squads/d7a486cd/2023-2024/Nantes-Stats
FRA-Ligue 1,2324,Nice,1,34,34,3060,34,29,0.85,105,74,77.1,15,10,9,17,50.0,8,5,3,0,37.5,/en/squads/132ebc33/2023-2024/Nice-Stats
FRA-Ligue 1,2324,Paris Saint-Germain,3,34,34,3058,34,33,0.97,147,113,80.3,22,10,2,12,35.3,5,4,1,0,20.0,/en/squads/e2d8892c/2023-2024/Paris-Saint-Germain-Stats
FRA-Ligue 1,2324,Reims,1,34,34,3060,34,47,1.38,137,90,70.1,13,8,13,8,23.5,7,6,1,0,14.3,/en/squads/7fdd64e0/2023-2024/Reims-Stats
FRA-Ligue 1,2324,Rennes,1,34,34,3060,34,46,1.35,147,104,70.7,12,10,12,7,20.6,3,3,0,0,0.0,/en/squads/b3072e00/2023-2024/Rennes-Stats
FRA-Ligue 1,2324,Strasbourg,2,34,34,3060,34,50,1.47,125,77,63.2,10,9,15,5,14.7,5,4,1,0,20.0,/en/squads/c0d3eab4/2023-2024/Strasbourg-Stats
FRA-Ligue 1,2324,Toulouse,1,34,34,3060,34,46,1.35,139,93,69.8,11,10,13,6,17.6,4,4,0,0,0.0,/en/squads/3f8c4b5f/2023-2024/Toulouse-Stats
FRA-Ligue 1,2425,Angers,2,34,34,3060,34,53,1.56,190,137,74.2,10,6,18,7,20.6,5,4,0,1,0.0,/en/squads/69236f98/2024-2025/Angers-Stats
FRA-Ligue 1,2425,Auxerre,2,34,34,3060,34,51,1.5,173,123,74.0,11,9,14,10,29.4,8,6,2,0,25.0,/en/squads/5ae09109/2024-2025/Auxerre-Stats
FRA-Ligue 1,2425,Brest,2,34,34,3060,34,59,1.74,141,83,63.8,15,5,14,10,29.4,10,8,1,1,11.1,/en/squads/fb08dbb3/2024-2025/Brest-Stats
FRA-Ligue 1,2425,Le Havre,2,34,34,3060,34,71,2.09,175,104,62.3,10,4,20,4,11.8,6,5,1,0,16.7,/en/squads/5c2737db/2024-2025/Le-Havre-Stats
FRA-Ligue 1,2425,Lens,3,34,34,3060,34,39,1.15,142,102,78.2,15,7,12,13,38.2,9,8,1,0,11.1,/en/squads/fd4e0f7d/2024-2025/Lens-Stats
FRA-Ligue 1,2425,Lille,1,34,34,3060,34,36,1.06,126,91,74.6,17,9,8,11,32.4,4,4,0,0,0.0,/en/squads/cb188c0c/2024-2025/Lille-Stats
FRA-Ligue 1,2425,Lyon,2,34,34,3060,34,46,1.35,166,120,74.1,17,6,11,10,29.4,3,3,0,0,0.0,/en/squads/d53c0b06/2024-2025/Lyon-Stats
FRA-Ligue 1,2425,Marseille,1,34,34,3060,34,47,1.38,135,87,67.4,20,5,9,5,14.7,6,3,3,0,50.0,/en/squads/5725cc7b/2024-2025/Marseille-Stats
FRA-Ligue 1,2425,Monaco,2,34,34,3060,34,41,1.21,128,87,70.3,18,7,9,11,32.4,3,3,0,0,0.0,/en/squads/fd6114db/2024-2025/Monaco-Stats
FRA-Ligue 1,2425,Montpellier,2,34,34,3060,34,79,2.32,194,117,63.4,4,4,26,1,2.9,9,8,1,0,11.1,/en/squads/281b0e73/2024-2025/Montpellier-Stats
FRA-Ligue 1,2425,Nantes,3,34,34,3060,34,52,1.53,148,99,69.6,8,12,14,6,17.6,8,7,0,1,0.0,/en/squads/d7a486cd/2024-2025/Nantes-Stats
FRA-Ligue 1,2425,Nice,1,34,34,3060,34,41,1.21,161,120,75.8,17,9,8,8,23.5,3,2,1,0,33.3,/en/squads/132ebc33/2024-2025/Nice-Stats
FRA-Ligue 1,2425,Paris Saint-Germain,3,34,34,3060,34,35,1.03,103,69,68.9,26,6,2,7,20.6,3,3,0,0,0.0,/en/squads/e2d8892c/2024-2025/Paris-Saint-Germain-Stats
FRA-Ligue 1,2425,Reims,1,34,34,3060,34,47,1.38,179,131,76.0,8,9,17,7,20.6,5,4,1,0,20.0,/en/squads/7fdd64e0/2024-2025/Reims-Stats
FRA-Ligue 1,2425,Rennes,3,34,34,3060,34,50,1.47,138,87,65.9,13,2,19,11,32.4,6,3,3,0,50.0,/en/squads/b3072e00/2024-2025/Rennes-Stats
FRA-Ligue 1,2425,Saint-Étienne,1,34,34,3060,34,77,2.26,209,132,69.4,8,6,20,5,14.7,15,13,2,0,13.3,/en/squads/d298ef2c/2024-2025/Saint-Etienne-Stats
FRA-Ligue 1,2425,Strasbourg,2,34,34,3060,34,44,1.29,169,126,78.7,16,9,9,10,29.4,9,8,1,0,11.1,/en/squads/c0d3eab4/2024-2025/Strasbourg-Stats
FRA-Ligue 1,2425,Toulouse,3,34,34,3060,34,43,1.26,108,67,61.1,11,9,14,10,29.4,2,1,1,0,50.0,/en/squads/3f8c4b5f/2024-2025/Toulouse-Stats
FRA-Ligue 1,2526,Angers,3,33,33,2970,33,47,1.42,174,131,74.7,9,8,16,10,30.3,6,3,2,1,40.0,/en/squads/69236f98/Angers-Stats
FRA-Ligue 1,2526,Auxerre,2,33,33,2968,33,44,1.33,146,107,71.9,7,10,16,8,24.2,5,3,2,0,40.0,/en/squads/5ae09109/Auxerre-Stats
FRA-Ligue 1,2526,Brest,2,32,32,2876,32,55,1.72,149,99,65.8,10,8,14,9,28.1,5,4,1,0,20.0,/en/squads/fb08dbb3/Brest-Stats
FRA-Ligue 1,2526,Le Havre,3,33,33,2970,33,44,1.33,133,96,71.4,6,14,13,7,21.2,7,6,1,0,14.3,/en/squads/5c2737db/Le-Havre-Stats
FRA-Ligue 1,2526,Lens,1,32,32,2880,32,33,1.03,103,75,70.9,21,4,7,11,34.4,6,3,2,1,40.0,/en/squads/fd4e0f7d/Lens-Stats
FRA-Ligue 1,2526,Lille,2,33,33,2970,33,35,1.06,105,72,68.6,18,7,8,13,39.4,4,2,1,1,33.3,/en/squads/cb188c0c/Lille-Stats
FRA-Ligue 1,2526,Lorient,2,33,33,2970,33,49,1.48,126,81,64.3,11,12,10,7,21.2,6,4,0,2,0.0,/en/squads/d2c87802/Lorient-Stats
FRA-Ligue 1,2526,Lyon,2,33,33,2970,33,36,1.09,122,90,72.1,18,6,9,15,45.5,5,2,3,0,60.0,/en/squads/d53c0b06/Lyon-Stats
FRA-Ligue 1,2526,Marseille,2,33,33,2970,33,44,1.33,124,85,68.5,17,5,11,9,27.3,6,5,0,1,0.0,/en/squads/5725cc7b/Marseille-Stats
FRA-Ligue 1,2526,Metz,2,33,33,2970,33,76,2.3,185,117,62.7,3,7,23,6,18.2,8,7,1,0,12.5,/en/squads/f83960ae/Metz-Stats
FRA-Ligue 1,2526,Monaco,2,33,33,2970,33,49,1.48,136,91,66.9,16,6,11,7,21.2,5,4,0,1,0.0,/en/squads/fd6114db/Monaco-Stats
FRA-Ligue 1,2526,Nantes,2,33,33,2970,33,52,1.58,155,108,69.7,5,8,20,7,21.2,5,5,0,0,0.0,/en/squads/d7a486cd/Nantes-Stats
FRA-Ligue 1,2526,Nice,2,33,33,2970,33,60,1.82,158,107,67.1,7,10,16,5,15.2,10,8,1,1,11.1,/en/squads/132ebc33/Nice-Stats
FRA-Ligue 1,2526,Paris FC,2,33,33,2970,33,49,1.48,122,81,66.4,10,11,12,8,24.2,12,8,2,2,20.0,/en/squads/056a5a75/Paris-FC-Stats
FRA-Ligue 1,2526,Paris Saint-Germain,3,32,32,2880,32,27,0.84,84,60,69.0,23,4,5,17,53.1,4,1,2,1,66.7,/en/squads/e2d8892c/Paris-Saint-Germain-Stats
FRA-Ligue 1,2526,Rennes,2,33,33,2970,33,47,1.42,126,84,65.9,17,8,8,10,30.3,6,4,2,0,33.3,/en/squads/b3072e00/Rennes-Stats
FRA-Ligue 1,2526,Strasbourg,2,32,32,2880,32,42,1.31,135,98,71.9,13,8,11,9,28.1,5,4,1,0,20.0,/en/squads/c0d3eab4/Strasbourg-Stats
FRA-Ligue 1,2526,Toulouse,2,33,33,2970,33,46,1.39,126,85,67.5,12,8,13,9,27.3,5,5,0,0,0.0,/en/squads/3f8c4b5f/Toulouse-Stats
ITA-Serie A,2223,Atalanta,3,38,38,3420,38,48,1.26,153,107,70.6,19,7,12,9,23.7,3,3,0,0,0.0,/en/squads/922493f3/2022-2023/Atalanta-Stats
ITA-Serie A,2223,Bologna,2,38,38,3420,38,49,1.29,165,117,74.5,14,12,12,8,21.1,9,7,2,0,22.2,/en/squads/1d8099f8/2022-2023/Bologna-Stats
ITA-Serie A,2223,Cremonese,3,38,38,3420,38,69,1.82,225,157,71.6,5,12,21,6,15.8,5,5,0,0,0.0,/en/squads/9aad3a77/2022-2023/Cremonese-Stats
ITA-Serie A,2223,Empoli,3,38,38,3420,38,49,1.29,159,110,71.7,10,13,15,9,23.7,6,4,1,1,20.0,/en/squads/a3d88bd8/2022-2023/Empoli-Stats
ITA-Serie A,2223,Fiorentina,4,38,38,3420,38,43,1.13,120,78,70.0,15,11,12,10,26.3,8,7,1,0,12.5,/en/squads/421387cf/2022-2023/Fiorentina-Stats
ITA-Serie A,2223,Hellas Verona,2,38,38,3420,38,59,1.55,185,128,68.6,7,10,21,6,15.8,2,1,1,0,50.0,/en/squads/0e72edf2/2022-2023/Hellas-Verona-Stats
ITA-Serie A,2223,Inter,3,38,38,3420,38,42,1.11,137,98,71.5,23,3,12,13,34.2,3,3,0,0,0.0,/en/squads/d609edc0/2022-2023/Internazionale-Stats
ITA-Serie A,2223,Juventus,2,38,38,3420,38,33,0.87,133,99,78.2,22,6,10,20,52.6,5,4,1,0,20.0,/en/squads/e0652b02/2022-2023/Juventus-Stats
ITA-Serie A,2223,Lazio,2,38,38,3418,38,30,0.79,128,99,77.3,22,8,8,21,55.3,2,1,0,1,0.0,/en/squads/7213da33/2022-2023/Lazio-Stats
ITA-Serie A,2223,Lecce,1,38,38,3420,38,46,1.21,156,112,73.7,8,12,18,6,15.8,6,5,1,0,16.7,/en/squads/ffcbe334/2022-2023/Lecce-Stats
ITA-Serie A,2223,Milan,3,38,38,3420,38,43,1.13,123,80,68.3,20,10,8,12,31.6,5,4,1,0,20.0,/en/squads/dc56fe14/2022-2023/Milan-Stats
ITA-Serie A,2223,Monza,2,38,38,3420,38,52,1.37,172,121,71.5,14,10,14,10,26.3,3,3,0,0,0.0,/en/squads/21680aa4/2022-2023/Monza-Stats
ITA-Serie A,2223,Napoli,2,38,38,3420,38,28,0.74,107,78,74.8,28,6,4,18,47.4,2,1,1,0,50.0,/en/squads/d48ad4ff/2022-2023/Napoli-Stats
ITA-Serie A,2223,Roma,2,38,38,3420,38,38,1.0,118,80,69.5,18,9,11,14,36.8,3,2,1,0,33.3,/en/squads/cf74a709/2022-2023/Roma-Stats
ITA-Serie A,2223,Salernitana,3,38,38,3420,38,62,1.63,196,130,71.9,9,15,14,7,18.4,11,7,4,0,36.4,/en/squads/c5577084/2022-2023/Salernitana-Stats
ITA-Serie A,2223,Sampdoria,3,38,38,3420,38,71,1.87,215,144,70.7,3,10,25,4,10.5,11,8,2,1,20.0,/en/squads/8ff9e3b3/2022-2023/Sampdoria-Stats
ITA-Serie A,2223,Sassuolo,3,38,38,3420,38,61,1.61,130,71,56.2,12,9,17,9,23.7,4,4,0,0,0.0,/en/squads/e2befd26/2022-2023/Sassuolo-Stats
ITA-Serie A,2223,Spezia,4,38,38,3420,38,62,1.63,183,123,68.9,6,13,19,6,15.8,7,5,1,1,16.7,/en/squads/68449f6d/2022-2023/Spezia-Stats
ITA-Serie A,2223,Torino,1,38,38,3420,38,41,1.08,136,95,73.5,14,11,13,11,28.9,6,5,0,1,0.0,/en/squads/105360fe/2022-2023/Torino-Stats
ITA-Serie A,2223,Udinese,1,38,38,3420,38,48,1.26,137,91,69.3,11,13,14,10,26.3,7,6,0,1,0.0,/en/squads/04eea015/2022-2023/Udinese-Stats
ITA-Serie A,2324,Atalanta,3,38,38,3420,38,42,1.11,142,99,74.6,21,6,11,15,39.5,9,6,2,1,25.0,/en/squads/922493f3/2023-2024/Atalanta-Stats
ITA-Serie A,2324,Bologna,3,38,38,3420,38,32,0.84,125,91,76.8,18,14,6,17,44.7,7,3,2,2,40.0,/en/squads/1d8099f8/2023-2024/Bologna-Stats
ITA-Serie A,2324,Cagliari,3,38,38,3420,38,68,1.79,157,92,59.2,8,12,18,5,13.2,5,4,0,1,0.0,/en/squads/c4260e09/2023-2024/Cagliari-Stats
ITA-Serie A,2324,Empoli,3,38,38,3420,38,54,1.42,185,130,74.1,9,9,20,9,23.7,8,6,2,0,25.0,/en/squads/a3d88bd8/2023-2024/Empoli-Stats
ITA-Serie A,2324,Fiorentina,3,38,38,3420,38,46,1.21,148,101,74.3,17,9,12,8,21.1,9,8,1,0,11.1,/en/squads/421387cf/2023-2024/Fiorentina-Stats
ITA-Serie A,2324,Frosinone,2,38,38,3420,38,69,1.82,180,112,64.4,8,11,19,7,18.4,8,5,1,2,16.7,/en/squads/6a7ad59d/2023-2024/Frosinone-Stats
ITA-Serie A,2324,Genoa,3,38,38,3420,38,45,1.18,139,94,69.8,12,13,13,9,23.7,4,3,1,0,25.0,/en/squads/658bf2de/2023-2024/Genoa-Stats
ITA-Serie A,2324,Hellas Verona,2,38,38,3420,38,51,1.34,163,113,69.9,9,11,18,8,21.1,2,2,0,0,0.0,/en/squads/0e72edf2/2023-2024/Hellas-Verona-Stats
ITA-Serie A,2324,Inter,3,38,38,3420,38,22,0.58,113,90,82.3,29,7,2,21,55.3,4,2,1,1,33.3,/en/squads/d609edc0/2023-2024/Internazionale-Stats
ITA-Serie A,2324,Juventus,3,38,38,3420,38,31,0.82,116,86,75.0,19,14,5,17,44.7,3,2,1,0,33.3,/en/squads/e0652b02/2023-2024/Juventus-Stats
ITA-Serie A,2324,Lazio,2,38,38,3420,38,39,1.03,148,109,75.0,18,7,13,13,34.2,3,2,0,1,0.0,/en/squads/7213da33/2023-2024/Lazio-Stats
ITA-Serie A,2324,Lecce,1,38,38,3420,38,54,1.42,173,119,71.7,8,14,16,7,18.4,6,5,1,0,16.7,/en/squads/ffcbe334/2023-2024/Lecce-Stats
ITA-Serie A,2324,Milan,4,38,38,3419,38,49,1.29,163,115,74.8,22,9,7,13,34.2,8,8,0,0,0.0,/en/squads/dc56fe14/2023-2024/Milan-Stats
ITA-Serie A,2324,Monza,2,38,38,3420,38,51,1.34,191,138,77.0,11,12,15,12,31.6,9,7,2,0,22.2,/en/squads/21680aa4/2023-2024/Monza-Stats
ITA-Serie A,2324,Napoli,3,38,38,3420,38,48,1.26,128,78,64.1,13,14,11,7,18.4,4,2,2,0,50.0,/en/squads/d48ad4ff/2023-2024/Napoli-Stats
ITA-Serie A,2324,Roma,2,38,38,3420,38,46,1.21,151,107,71.5,18,9,11,11,28.9,5,3,1,1,25.0,/en/squads/cf74a709/2023-2024/Roma-Stats
ITA-Serie A,2324,Salernitana,3,38,38,3420,38,81,2.13,207,128,65.7,2,11,25,2,5.3,10,10,0,0,0.0,/en/squads/c5577084/2023-2024/Salernitana-Stats
ITA-Serie A,2324,Sassuolo,2,38,38,3420,38,75,1.97,173,101,61.3,7,9,22,3,7.9,11,8,1,2,11.1,/en/squads/e2befd26/2023-2024/Sassuolo-Stats
ITA-Serie A,2324,Torino,2,38,38,3420,38,36,0.95,143,107,79.7,13,14,11,18,47.4,7,7,0,0,0.0,/en/squads/105360fe/2023-2024/Torino-Stats
ITA-Serie A,2324,Udinese,2,38,38,3420,38,53,1.39,157,105,72.0,6,19,13,9,23.7,9,9,0,0,0.0,/en/squads/04eea015/2023-2024/Udinese-Stats
ITA-Serie A,2425,Atalanta,3,38,38,3420,38,37,0.97,147,112,76.2,22,8,8,15,39.5,2,2,0,0,0.0,/en/squads/922493f3/2024-2025/Atalanta-Stats
ITA-Serie A,2425,Bologna,2,38,38,3420,38,47,1.24,106,60,57.5,16,14,8,12,31.6,3,2,1,0,33.3,/en/squads/1d8099f8/2024-2025/Bologna-Stats
ITA-Serie A,2425,Cagliari,4,38,38,3420,38,56,1.47,153,97,67.3,9,9,20,7,18.4,6,6,0,0,0.0,/en/squads/c4260e09/2024-2025/Cagliari-Stats
ITA-Serie A,2425,Como,3,38,38,3420,38,52,1.37,143,91,68.5,13,10,15,7,18.4,7,7,0,0,0.0,/en/squads/28c9c3cd/2024-2025/Como-Stats
ITA-Serie A,2425,Empoli,3,38,38,3420,38,59,1.55,158,99,63.3,6,13,19,6,15.8,3,1,1,1,50.0,/en/squads/a3d88bd8/2024-2025/Empoli-Stats
ITA-Serie A,2425,Fiorentina,2,38,38,3420,38,41,1.08,148,106,73.0,19,8,11,12,31.6,3,1,2,0,66.7,/en/squads/421387cf/2024-2025/Fiorentina-Stats
ITA-Serie A,2425,Genoa,4,38,38,3420,38,49,1.29,158,110,72.8,10,13,15,11,28.9,8,6,2,0,25.0,/en/squads/658bf2de/2024-2025/Genoa-Stats
ITA-Serie A,2425,Hellas Verona,2,38,38,3420,38,66,1.74,172,106,62.8,10,7,21,8,21.1,4,2,1,1,33.3,/en/squads/0e72edf2/2024-2025/Hellas-Verona-Stats
ITA-Serie A,2425,Inter,2,38,38,3420,38,35,0.92,130,95,75.4,24,9,5,16,42.1,4,3,1,0,25.0,/en/squads/d609edc0/2024-2025/Internazionale-Stats
ITA-Serie A,2425,Juventus,2,38,38,3420,38,35,0.92,119,84,74.8,18,16,4,17,44.7,5,5,0,0,0.0,/en/squads/e0652b02/2024-2025/Juventus-Stats
ITA-Serie A,2425,Lazio,2,38,38,3420,38,49,1.29,119,72,62.2,18,11,9,9,23.7,4,4,0,0,0.0,/en/squads/7213da33/2024-2025/Lazio-Stats
ITA-Serie A,2425,Lecce,1,38,38,3420,38,58,1.53,181,125,72.4,8,10,20,9,23.7,10,8,1,1,11.1,/en/squads/ffcbe334/2024-2025/Lecce-Stats
ITA-Serie A,2425,Milan,2,38,38,3420,38,43,1.13,142,101,70.4,18,9,11,13,34.2,2,1,1,0,50.0,/en/squads/dc56fe14/2024-2025/Milan-Stats
ITA-Serie A,2425,Monza,3,38,38,3420,38,69,1.82,183,115,63.4,3,9,26,3,7.9,4,2,2,0,50.0,/en/squads/21680aa4/2024-2025/Monza-Stats
ITA-Serie A,2425,Napoli,3,38,38,3420,38,27,0.71,96,69,72.9,24,10,4,19,50.0,4,1,2,1,66.7,/en/squads/d48ad4ff/2024-2025/Napoli-Stats
ITA-Serie A,2425,Parma,2,38,38,3330,38,58,1.57,158,102,66.5,7,15,16,7,18.4,5,5,0,0,0.0,/en/squads/eab4234c/2024-2025/Parma-Stats
ITA-Serie A,2425,Roma,1,38,38,3420,38,35,0.92,151,117,79.5,20,9,9,16,42.1,4,4,0,0,0.0,/en/squads/cf74a709/2024-2025/Roma-Stats
ITA-Serie A,2425,Torino,2,38,38,3420,38,45,1.18,180,133,76.7,10,14,14,10,26.3,7,3,4,0,57.1,/en/squads/105360fe/2024-2025/Torino-Stats
ITA-Serie A,2425,Udinese,3,38,38,3420,38,56,1.47,164,113,70.1,12,8,18,9,23.7,8,7,0,1,0.0,/en/squads/04eea015/2024-2025/Udinese-Stats
ITA-Serie A,2425,Venezia,3,38,38,3420,38,56,1.47,188,134,75.5,5,14,19,6,15.8,11,10,1,0,9.1,/en/squads/af5d5982/2024-2025/Venezia-Stats
ITA-Serie A,2526,Atalanta,1,36,36,3240,36,34,0.94,139,108,77.0,15,13,8,13,36.1,4,2,2,0,50.0,/en/squads/922493f3/Atalanta-Stats
ITA-Serie A,2526,Bologna,3,36,36,3235,36,46,1.28,131,89,67.9,15,7,14,11,30.6,4,4,0,0,0.0,/en/squads/1d8099f8/Bologna-Stats
ITA-Serie A,2526,Cagliari,1,36,36,3240,36,51,1.42,167,117,70.7,9,10,17,8,22.2,2,2,0,0,0.0,/en/squads/c4260e09/Cagliari-Stats
ITA-Serie A,2526,Como,1,36,36,3240,36,28,0.78,108,84,77.8,18,11,7,18,50.0,5,4,1,0,20.0,/en/squads/28c9c3cd/Como-Stats
ITA-Serie A,2526,Cremonese,2,36,36,3240,36,53,1.47,182,134,72.5,7,10,19,10,27.8,5,3,2,0,40.0,/en/squads/9aad3a77/Cremonese-Stats
ITA-Serie A,2526,Fiorentina,1,36,36,3240,36,49,1.36,154,110,71.4,8,14,14,9,25.0,6,5,1,0,16.7,/en/squads/421387cf/Fiorentina-Stats
ITA-Serie A,2526,Genoa,3,36,36,3238,36,49,1.36,147,104,70.7,10,11,15,9,25.0,6,6,0,0,0.0,/en/squads/658bf2de/Genoa-Stats
ITA-Serie A,2526,Hellas Verona,2,36,36,3240,36,58,1.61,141,86,60.3,3,11,22,6,16.7,4,2,2,0,50.0,/en/squads/0e72edf2/Hellas-Verona-Stats
ITA-Serie A,2526,Inter,2,36,36,3240,36,31,0.86,98,70,72.4,27,4,5,18,50.0,4,4,0,0,0.0,/en/squads/d609edc0/Internazionale-Stats
ITA-Serie A,2526,Juventus,2,36,36,3240,36,30,0.83,98,68,70.4,19,11,6,16,44.4,3,1,0,2,0.0,/en/squads/e0652b02/Juventus-Stats
ITA-Serie A,2526,Lazio,2,36,36,3240,36,37,1.03,143,109,76.2,13,12,11,15,41.7,5,3,2,0,40.0,/en/squads/7213da33/Lazio-Stats
ITA-Serie A,2526,Lecce,1,36,36,3240,36,48,1.33,145,103,69.7,8,8,20,9,25.0,6,4,2,0,33.3,/en/squads/ffcbe334/Lecce-Stats
ITA-Serie A,2526,Milan,2,36,36,3240,36,32,0.89,125,100,78.4,19,10,7,15,41.7,8,5,2,1,28.6,/en/squads/dc56fe14/Milan-Stats
ITA-Serie A,2526,Napoli,2,36,36,3240,36,36,1.0,96,69,69.8,21,7,8,13,36.1,10,7,3,0,30.0,/en/squads/d48ad4ff/Napoli-Stats
ITA-Serie A,2526,Parma,3,36,36,3240,36,45,1.25,146,106,72.6,10,12,14,12,33.3,6,5,1,0,16.7,/en/squads/eab4234c/Parma-Stats
ITA-Serie A,2526,Pisa,3,36,36,3240,36,66,1.83,160,99,61.9,2,12,22,5,13.9,6,5,0,1,0.0,/en/squads/4cceedfc/Pisa-Stats
ITA-Serie A,2526,Roma,1,36,36,3240,36,31,0.86,132,102,77.3,21,4,11,16,44.4,1,1,0,0,0.0,/en/squads/cf74a709/Roma-Stats
ITA-Serie A,2526,Sassuolo,2,36,36,3240,36,46,1.28,168,128,75.6,14,7,15,8,22.2,6,5,1,0,16.7,/en/squads/e2befd26/Sassuolo-Stats
ITA-Serie A,2526,Torino,2,36,36,3240,36,59,1.64,158,103,65.2,12,8,16,12,33.3,4,4,0,0,0.0,/en/squads/105360fe/Torino-Stats
ITA-Serie A,2526,Udinese,3,36,36,3236,36,51,1.42,133,89,66.2,14,8,14,11,30.6,7,6,1,0,14.3,/en/squads/04eea015/Udinese-Stats
,2223,Augsburg,2,34,34,3060,34,63,1.85,201,138,69.2,9,7,18,6,17.6,4,1,2,1,66.7,/en/squads/0cdc4311/2022-2023/Augsburg-Stats
,2223,Bayern Munich,3,34,34,3060,34,38,1.12,107,68,72.9,21,8,5,11,32.4,10,9,1,0,10.0,/en/squads/054efa67/2022-2023/Bayern-Munich-Stats
,2223,Bochum,1,34,34,3060,34,72,2.12,200,128,68.0,10,5,19,5,14.7,14,8,3,3,27.3,/en/squads/b42c6323/2022-2023/Bochum-Stats
,2223,Dortmund,2,34,34,3060,34,44,1.29,151,108,71.5,22,5,7,12,35.3,1,1,0,0,0.0,/en/squads/add600ae/2022-2023/Dortmund-Stats
,2223,Eintracht Frankfurt,2,34,34,3060,34,52,1.53,135,84,63.0,13,11,10,6,17.6,2,2,0,0,0.0,/en/squads/f0ac8ee6/2022-2023/Eintracht-Frankfurt-Stats
,2223,Freiburg,1,34,34,3060,34,44,1.29,150,106,74.0,17,8,9,13,38.2,6,5,0,1,0.0,/en/squads/a486e511/2022-2023/Freiburg-Stats
,2223,Gladbach,4,34,34,3060,34,55,1.62,180,126,72.8,11,10,13,9,26.5,6,6,0,0,0.0,/en/squads/32f3ee20/2022-2023/Monchengladbach-Stats
,2223,Hertha BSC,2,34,34,3060,34,69,2.03,170,100,62.4,7,8,19,3,8.8,6,5,1,0,16.7,/en/squads/2818f8bc/2022-2023/Hertha-BSC-Stats
,2223,Hoffenheim,1,34,34,3060,34,57,1.68,161,105,65.8,10,6,18,5,14.7,3,2,0,1,0.0,/en/squads/033ea6b8/2022-2023/Hoffenheim-Stats
,2223,Köln,1,34,34,3060,34,54,1.59,129,77,61.2,10,12,12,6,17.6,5,4,1,0,20.0,/en/squads/bc357bf7/2022-2023/Koln-Stats
,2223,Leverkusen,2,34,34,3059,34,49,1.44,146,99,71.2,14,8,12,9,26.5,7,7,0,0,0.0,/en/squads/c7a9f859/2022-2023/Leverkusen-Stats
,2223,Mainz 05,2,34,34,3060,34,55,1.62,153,95,66.7,12,10,12,7,20.6,8,4,3,1,42.9,/en/squads/a224b06a/2022-2023/Mainz-05-Stats
,2223,RB Leipzig,3,34,34,3060,34,41,1.21,106,66,67.9,20,6,8,10,29.4,8,7,1,0,12.5,/en/squads/acbb6a5b/2022-2023/RB-Leipzig-Stats
,2223,Schalke 04,2,34,34,3060,34,71,2.09,193,123,65.8,7,10,17,7,20.6,6,5,0,1,0.0,/en/squads/c539e393/2022-2023/Schalke-04-Stats
,2223,Stuttgart,2,34,34,3060,34,57,1.68,146,90,65.1,7,12,15,2,5.9,6,6,0,0,0.0,/en/squads/598bc722/2022-2023/Stuttgart-Stats
,2223,Union Berlin,2,34,34,3060,34,38,1.12,144,106,78.5,18,8,8,13,38.2,7,7,0,0,0.0,/en/squads/7a41008f/2022-2023/Union-Berlin-Stats
,2223,Werder Bremen,2,34,34,3060,34,64,1.88,184,121,66.3,10,6,18,4,11.8,3,2,1,0,33.3,/en/squads/62add3bf/2022-2023/Werder-Bremen-Stats
,2223,Wolfsburg,1,34,34,3060,34,48,1.41,147,101,70.1,13,10,11,12,35.3,7,4,1,2,20.0,/en/squads/4eaa11d7/2022-2023/Wolfsburg-Stats
,2324,Augsburg,2,34,34,3060,34,60,1.76,183,123,71.0,10,9,15,3,8.8,10,7,2,1,22.2,/en/squads/0cdc4311/2023-2024/Augsburg-Stats
,2324,Bayern Munich,3,34,34,3060,34,45,1.32,124,78,66.1,23,3,8,11,32.4,4,3,1,0,25.0,/en/squads/054efa67/2023-2024/Bayern-Munich-Stats
,2324,Bochum,2,34,34,3060,34,74,2.18,189,117,65.6,7,12,15,4,11.8,11,9,2,0,18.2,/en/squads/b42c6323/2023-2024/Bochum-Stats
,2324,Darmstadt 98,2,34,34,3060,34,86,2.53,215,130,60.5,3,8,23,3,8.8,2,1,1,0,50.0,/en/squads/6a6967fc/2023-2024/Darmstadt-98-Stats
,2324,Dortmund,2,34,34,3060,34,43,1.26,145,103,73.8,18,9,7,10,29.4,6,5,1,0,16.7,/en/squads/add600ae/2023-2024/Dortmund-Stats
,2324,Eintracht Frankfurt,2,34,34,3060,34,50,1.47,146,94,71.9,11,14,9,7,20.6,11,9,2,0,18.2,/en/squads/f0ac8ee6/2023-2024/Eintracht-Frankfurt-Stats
,2324,Freiburg,1,34,34,3060,34,58,1.71,158,99,65.2,11,9,14,10,29.4,5,3,2,0,40.0,/en/squads/a486e511/2023-2024/Freiburg-Stats
,2324,Gladbach,2,34,34,3060,34,67,1.97,207,140,70.5,7,13,14,4,11.8,6,6,0,0,0.0,/en/squads/32f3ee20/2023-2024/Monchengladbach-Stats
,2324,Heidenheim,1,34,34,3060,34,55,1.62,174,121,72.4,10,12,12,6,17.6,10,7,1,2,12.5,/en/squads/18d9d2a7/2023-2024/Heidenheim-Stats
,2324,Hoffenheim,1,34,34,3060,34,66,1.94,211,143,69.7,13,7,14,2,5.9,5,2,3,0,60.0,/en/squads/033ea6b8/2023-2024/Hoffenheim-Stats
,2324,Köln,1,34,34,3060,34,60,1.76,168,108,66.1,5,12,17,4,11.8,3,3,0,0,0.0,/en/squads/bc357bf7/2023-2024/Koln-Stats
,2324,Leverkusen,2,34,34,3060,34,24,0.71,105,81,77.1,28,6,0,16,47.1,0,0,0,0,,/en/squads/c7a9f859/2023-2024/Leverkusen-Stats
,2324,Mainz 05,2,34,34,3060,34,51,1.5,145,95,66.9,7,14,13,8,23.5,4,3,0,1,0.0,/en/squads/a224b06a/2023-2024/Mainz-05-Stats
,2324,RB Leipzig,2,34,34,3060,34,39,1.15,117,79,70.1,19,8,7,10,29.4,5,4,0,1,0.0,/en/squads/acbb6a5b/2023-2024/RB-Leipzig-Stats
,2324,Stuttgart,2,34,34,3060,34,39,1.15,129,93,72.1,23,4,7,12,35.3,3,3,0,0,0.0,/en/squads/598bc722/2023-2024/Stuttgart-Stats
,2324,Union Berlin,2,34,34,3060,34,58,1.71,168,109,68.5,9,6,19,7,20.6,7,5,2,0,28.6,/en/squads/7a41008f/2023-2024/Union-Berlin-Stats
,2324,Werder Bremen,2,34,34,3060,34,54,1.59,166,113,71.1,11,9,14,7,20.6,6,6,0,0,0.0,/en/squads/62add3bf/2023-2024/Werder-Bremen-Stats
,2324,Wolfsburg,2,34,34,3060,34,56,1.65,151,98,64.2,10,7,17,6,17.6,3,2,0,1,0.0,/en/squads/4eaa11d7/2023-2024/Wolfsburg-Stats
,2425,Augsburg,2,34,34,3060,34,51,1.5,156,107,70.5,11,10,13,11,32.4,5,5,0,0,0.0,/en/squads/0cdc4311/2024-2025/Augsburg-Stats
,2425,Bayern Munich,4,34,34,3060,34,32,0.94,80,48,61.3,25,7,2,16,47.1,2,1,0,1,0.0,/en/squads/054efa67/2024-2025/Bayern-Munich-Stats
,2425,Bochum,2,34,34,3060,34,68,2.0,153,83,57.5,5,8,21,5,14.7,6,3,2,1,40.0,/en/squads/b42c6323/2024-2025/Bochum-Stats
,2425,Dortmund,2,34,34,3060,34,51,1.5,140,89,66.4,17,6,11,7,20.6,4,4,0,0,0.0,/en/squads/add600ae/2024-2025/Dortmund-Stats
,2425,Eintracht Frankfurt,2,34,34,3060,34,46,1.35,163,117,72.4,17,9,8,9,26.5,3,1,2,0,66.7,/en/squads/f0ac8ee6/2024-2025/Eintracht-Frankfurt-Stats
,2425,Freiburg,2,34,34,3060,34,53,1.56,150,96,66.0,16,7,11,11,32.4,4,2,2,0,50.0,/en/squads/a486e511/2024-2025/Freiburg-Stats
,2425,Gladbach,4,34,34,3056,34,57,1.68,191,135,73.8,13,6,15,7,20.6,8,7,1,0,12.5,/en/squads/32f3ee20/2024-2025/Monchengladbach-Stats
,2425,Heidenheim,2,34,34,3060,34,64,1.88,171,107,66.1,8,5,21,9,26.5,6,6,0,0,0.0,/en/squads/18d9d2a7/2024-2025/Heidenheim-Stats
,2425,Hoffenheim,2,34,34,3060,34,68,2.0,173,105,62.4,7,11,16,4,11.8,6,3,3,0,50.0,/en/squads/033ea6b8/2024-2025/Hoffenheim-Stats
,2425,Holstein Kiel,2,34,34,3060,34,80,2.35,195,117,62.1,6,7,21,2,5.9,7,6,1,0,14.3,/en/squads/2ac661d9/2024-2025/Holstein-Kiel-Stats
,2425,Leverkusen,2,34,34,3060,34,43,1.26,134,95,70.9,19,12,3,9,26.5,4,4,0,0,0.0,/en/squads/c7a9f859/2024-2025/Leverkusen-Stats
,2425,Mainz 05,2,34,34,3060,34,43,1.26,150,106,74.0,14,10,10,9,26.5,5,4,1,0,20.0,/en/squads/a224b06a/2024-2025/Mainz-05-Stats
,2425,RB Leipzig,2,34,34,3060,34,48,1.41,158,109,70.9,13,12,9,14,41.2,3,2,1,0,33.3,/en/squads/acbb6a5b/2024-2025/RB-Leipzig-Stats
,2425,St Pauli,2,34,34,3060,34,41,1.21,140,96,71.4,8,8,18,9,26.5,5,1,4,0,80.0,/en/squads/54864664/2024-2025/St-Pauli-Stats
,2425,Stuttgart,1,34,34,3060,34,53,1.56,136,83,62.5,14,8,12,7,20.6,3,2,1,0,33.3,/en/squads/598bc722/2024-2025/Stuttgart-Stats
,2425,Union Berlin,2,34,34,3060,34,50,1.47,139,86,65.5,10,11,13,8,23.5,6,2,4,0,66.7,/en/squads/7a41008f/2024-2025/Union-Berlin-Stats
,2425,Werder Bremen,1,34,34,3060,34,57,1.68,156,102,65.4,14,9,11,10,29.4,3,3,0,0,0.0,/en/squads/62add3bf/2024-2025/Werder-Bremen-Stats
,2425,Wolfsburg,2,34,34,3060,34,54,1.59,160,106,67.5,11,10,13,6,17.6,3,2,1,0,33.3,/en/squads/4eaa11d7/2024-2025/Wolfsburg-Stats
,2526,Augsburg,1,33,33,2970,33,57,1.73,150,100,66.0,12,7,14,5,15.2,7,6,1,0,14.3,/en/squads/0cdc4311/Augsburg-Stats
,2526,Bayern Munich,3,33,33,2970,33,35,1.06,101,68,67.3,27,5,1,12,36.4,3,2,0,1,0.0,/en/squads/054efa67/Bayern-Munich-Stats
,2526,Dortmund,1,33,33,2970,33,34,1.03,114,85,74.6,21,7,5,14,42.4,5,5,0,0,0.0,/en/squads/add600ae/Dortmund-Stats
,2526,Eintracht Frankfurt,2,33,33,2970,33,63,1.91,154,94,61.0,11,10,12,7,21.2,3,3,0,0,0.0,/en/squads/f0ac8ee6/Eintracht-Frankfurt-Stats
,2526,Freiburg,1,33,33,2970,33,56,1.7,150,95,62.7,12,8,13,6,18.2,1,0,1,0,100.0,/en/squads/a486e511/Freiburg-Stats
,2526,Gladbach,1,33,33,2970,33,53,1.61,181,133,73.5,8,11,14,12,36.4,5,5,0,0,0.0,/en/squads/32f3ee20/Monchengladbach-Stats
,2526,Hamburger SV,1,33,33,2970,33,53,1.61,150,105,68.7,9,10,14,6,18.2,10,6,2,2,25.0,/en/squads/26790c6a/Hamburger-SV-Stats
,2526,Heidenheim,2,33,33,2970,33,70,2.12,175,110,62.9,6,8,19,1,3.0,6,5,0,1,0.0,/en/squads/18d9d2a7/Heidenheim-Stats
,2526,Hoffenheim,1,33,33,2970,33,48,1.45,139,96,69.1,18,7,8,7,21.2,7,5,0,2,0.0,/en/squads/033ea6b8/Hoffenheim-Stats
,2526,Köln,1,33,33,2970,33,58,1.76,141,90,62.4,7,11,15,3,9.1,7,5,2,0,28.6,/en/squads/bc357bf7/Koln-Stats
,2526,Leverkusen,2,33,33,2970,33,46,1.39,154,115,74.7,17,7,9,8,24.2,7,7,0,0,0.0,/en/squads/c7a9f859/Leverkusen-Stats
,2526,Mainz 05,3,33,33,2968,33,53,1.61,162,111,68.5,9,10,14,3,9.1,2,2,0,0,0.0,/en/squads/a224b06a/Mainz-05-Stats
,2526,RB Leipzig,2,33,33,2970,33,43,1.3,122,81,66.4,20,5,8,11,33.3,3,2,1,0,33.3,/en/squads/acbb6a5b/RB-Leipzig-Stats
,2526,St Pauli,1,33,33,2970,33,57,1.73,167,115,67.7,6,8,19,5,15.2,5,3,2,0,40.0,/en/squads/54864664/St-Pauli-Stats
,2526,Stuttgart,1,33,33,2970,33,47,1.42,142,102,71.8,18,7,8,11,33.3,8,7,1,0,12.5,/en/squads/598bc722/Stuttgart-Stats
,2526,Union Berlin,3,33,33,2970,33,58,1.76,143,89,63.6,9,9,15,6,18.2,6,6,0,0,0.0,/en/squads/7a41008f/Union-Berlin-Stats
,2526,Werder Bremen,2,33,33,2970,33,58,1.76,156,104,66.7,8,8,17,6,18.2,6,6,0,0,0.0,/en/squads/62add3bf/Werder-Bremen-Stats
,2526,Wolfsburg,1,33,33,2970,33,68,2.06,177,119,65.5,6,8,19,2,6.1,12,7,3,2,30.0,/en/squads/4eaa11d7/Wolfsburg-Stats
