league,season,team,players_used,90s,Standard_Gls,Standard_Sh,Standard_SoT,Standard_SoT%,Standard_Sh/90,Standard_SoT/90,Standard_G/Sh,Standard_G/SoT,Standard_PK,Standard_PKatt,url
ENG-Premier League,2223,Arsenal,26,38,84,589,194,32.9,15.5,5.11,0.14,0.42,3,4,/en/squads/18bb7c10/2022-2023/Arsenal-Stats
ENG-Premier League,2223,Aston Villa,26,38,49,427,145,34.0,11.24,3.82,0.11,0.32,3,4,/en/squads/8602292d/2022-2023/Aston-Villa-Stats
ENG-Premier League,2223,Bournemouth,31,38,37,358,126,35.2,9.42,3.32,0.1,0.29,0,0,/en/squads/4ba7cbea/2022-2023/Bournemouth-Stats
ENG-Premier League,2223,Brentford,25,38,56,400,147,36.8,10.53,3.87,0.12,0.33,7,8,/en/squads/cd051869/2022-2023/Brentford-Stats
ENG-Premier League,2223,Brighton,29,38,68,607,219,36.1,15.97,5.76,0.1,0.28,6,6,/en/squads/d07537b9/2022-2023/Brighton-and-Hove-Albion-Stats
ENG-Premier League,2223,Chelsea,32,38,37,481,151,31.4,12.66,3.97,0.07,0.23,3,3,/en/squads/cff3d9bb/2022-2023/Chelsea-Stats
ENG-Premier League,2223,Crystal Palace,26,38,38,423,133,31.4,11.13,3.5,0.09,0.28,1,3,/en/squads/47c64c55/2022-2023/Crystal-Palace-Stats
ENG-Premier League,2223,Everton,28,38,32,426,143,33.6,11.21,3.76,0.07,0.2,3,3,/en/squads/d3fd31cc/2022-2023/Everton-Stats
ENG-Premier League,2223,Fulham,29,38,52,420,137,32.6,11.05,3.61,0.11,0.34,5,9,/en/squads/fd962109/2022-2023/Fulham-Stats
ENG-Premier League,2223,Leeds United,29,38,45,459,141,30.7,12.08,3.71,0.1,0.31,1,3,/en/squads/5bfb9659/2022-2023/Leeds-United-Stats
ENG-Premier League,2223,Leicester City,28,38,49,412,142,34.5,10.84,3.74,0.11,0.32,3,6,/en/squads/a2d435b3/2022-2023/Leicester-City-Stats
ENG-Premier League,2223,Liverpool,28,38,71,601,203,33.8,15.82,5.34,0.11,0.34,2,4,/en/squads/822bd0ba/2022-2023/Liverpool-Stats
ENG-Premier League,2223,Manchester City,24,38,92,590,205,34.7,15.53,5.39,0.14,0.4,9,10,/en/squads/b8fd03ef/2022-2023/Manchester-City-Stats
ENG-Premier League,2223,Manchester Utd,26,38,56,590,206,34.9,15.53,5.42,0.09,0.26,3,3,/en/squads/19538871/2022-2023/Manchester-United-Stats
ENG-Premier League,2223,Newcastle United,27,38,64,565,184,32.6,14.87,4.84,0.1,0.32,6,6,/en/squads/b2b47a98/2022-2023/Newcastle-United-Stats
ENG-Premier League,2223,Nottingham Forest,33,38,36,362,111,30.7,9.53,2.92,0.09,0.3,3,6,/en/squads/e4a775cb/2022-2023/Nottingham-Forest-Stats
ENG-Premier League,2223,Southampton,36,38,36,413,132,32.0,10.87,3.47,0.08,0.26,2,4,/en/squads/33c895d4/2022-2023/Southampton-Stats
ENG-Premier League,2223,Tottenham Hotspur,29,38,68,512,186,36.3,13.47,4.89,0.12,0.34,5,6,/en/squads/361ca564/2022-2023/Tottenham-Hotspur-Stats
ENG-Premier League,2223,West Ham United,25,38,41,466,133,28.5,12.26,3.5,0.08,0.26,6,8,/en/squads/7c21e445/2022-2023/West-Ham-United-Stats
ENG-Premier League,2223,Wolves,32,38,28,409,119,29.1,10.76,3.13,0.06,0.21,3,3,/en/squads/8cec06e1/2022-2023/Wolverhampton-Wanderers-Stats
ENG-Premier League,2324,Arsenal,25,38,86,647,209,32.3,17.03,5.5,0.12,0.36,10,10,/en/squads/18bb7c10/2023-2024/Arsenal-Stats
ENG-Premier League,2324,Aston Villa,31,38,72,511,182,35.6,13.45,4.79,0.13,0.37,4,4,/en/squads/8602292d/2023-2024/Aston-Villa-Stats
ENG-Premier League,2324,Bournemouth,30,38,52,539,175,32.5,14.18,4.61,0.09,0.29,2,3,/en/squads/4ba7cbea/2023-2024/Bournemouth-Stats
ENG-Premier League,2324,Brentford,28,38,54,470,159,33.8,12.37,4.18,0.11,0.32,3,3,/en/squads/cd051869/2023-2024/Brentford-Stats
ENG-Premier League,2324,Brighton,30,38,50,555,198,35.7,14.61,5.21,0.08,0.23,5,6,/en/squads/d07537b9/2023-2024/Brighton-and-Hove-Albion-Stats
ENG-Premier League,2324,Burnley,31,38,40,430,137,31.9,11.32,3.61,0.09,0.27,3,3,/en/squads/943e8050/2023-2024/Burnley-Stats
ENG-Premier League,2324,Chelsea,32,38,76,537,194,36.1,14.13,5.11,0.12,0.34,11,12,/en/squads/cff3d9bb/2023-2024/Chelsea-Stats
ENG-Premier League,2324,Crystal Palace,26,38,56,452,162,35.8,11.89,4.26,0.12,0.32,4,4,/en/squads/47c64c55/2023-2024/Crystal-Palace-Stats
ENG-Premier League,2324,Everton,26,38,40,504,152,30.2,13.26,4.0,0.08,0.25,2,3,/en/squads/d3fd31cc/2023-2024/Everton-Stats
ENG-Premier League,2324,Fulham,25,38,54,499,175,35.1,13.13,4.61,0.1,0.3,2,2,/en/squads/fd962109/2023-2024/Fulham-Stats
ENG-Premier League,2324,Liverpool,30,38,80,781,263,33.7,20.55,6.92,0.09,0.28,6,9,/en/squads/822bd0ba/2023-2024/Liverpool-Stats
ENG-Premier League,2324,Luton Town,28,38,49,427,134,31.4,11.24,3.53,0.1,0.33,5,5,/en/squads/e297cd13/2023-2024/Luton-Town-Stats
ENG-Premier League,2324,Manchester City,25,38,94,683,264,38.7,17.97,6.95,0.12,0.32,9,10,/en/squads/b8fd03ef/2023-2024/Manchester-City-Stats
ENG-Premier League,2324,Manchester Utd,31,38,57,543,182,33.5,14.29,4.79,0.09,0.28,6,7,/en/squads/19538871/2023-2024/Manchester-United-Stats
ENG-Premier League,2324,Newcastle United,32,38,83,542,196,36.2,14.26,5.16,0.14,0.38,8,9,/en/squads/b2b47a98/2023-2024/Newcastle-United-Stats
ENG-Premier League,2324,Nottingham Forest,33,38,49,450,143,31.8,11.84,3.76,0.11,0.34,1,1,/en/squads/e4a775cb/2023-2024/Nottingham-Forest-Stats
ENG-Premier League,2324,Sheffield United,35,38,31,360,117,32.5,9.47,3.08,0.07,0.22,5,5,/en/squads/1df6b87e/2023-2024/Sheffield-United-Stats
ENG-Premier League,2324,Tottenham Hotspur,29,38,69,582,207,35.6,15.32,5.45,0.12,0.32,2,2,/en/squads/361ca564/2023-2024/Tottenham-Hotspur-Stats
ENG-Premier League,2324,West Ham United,26,38,58,445,146,32.8,11.71,3.84,0.12,0.37,4,5,/en/squads/7c21e445/2023-2024/West-Ham-United-Stats
ENG-Premier League,2324,Wolves,27,38,47,425,153,36.0,11.18,4.03,0.1,0.28,4,4,/en/squads/8cec06e1/2023-2024/Wolverhampton-Wanderers-Stats
ENG-Premier League,2425,Arsenal,25,38,67,544,178,32.7,14.32,4.68,0.12,0.37,2,2,/en/squads/18bb7c10/2024-2025/Arsenal-Stats
ENG-Premier League,2425,Aston Villa,28,38,56,478,159,33.3,12.58,4.18,0.11,0.33,3,6,/en/squads/8602292d/2024-2025/Aston-Villa-Stats
ENG-Premier League,2425,Bournemouth,29,38,57,574,192,33.4,15.11,5.05,0.09,0.27,6,7,/en/squads/4ba7cbea/2024-2025/Bournemouth-Stats
ENG-Premier League,2425,Brentford,28,38,65,434,173,39.9,11.42,4.55,0.14,0.35,5,6,/en/squads/cd051869/2024-2025/Brentford-Stats
ENG-Premier League,2425,Brighton,32,38,64,526,183,34.8,13.84,4.82,0.11,0.31,7,7,/en/squads/d07537b9/2024-2025/Brighton-and-Hove-Albion-Stats
ENG-Premier League,2425,Chelsea,29,38,61,590,203,34.4,15.53,5.34,0.1,0.28,4,5,/en/squads/cff3d9bb/2024-2025/Chelsea-Stats
ENG-Premier League,2425,Crystal Palace,29,38,49,512,175,34.2,13.47,4.61,0.09,0.26,3,4,/en/squads/47c64c55/2024-2025/Crystal-Palace-Stats
ENG-Premier League,2425,Everton,26,38,39,404,139,34.4,10.63,3.66,0.09,0.27,2,2,/en/squads/d3fd31cc/2024-2025/Everton-Stats
ENG-Premier League,2425,Fulham,26,38,53,516,167,32.4,13.58,4.39,0.1,0.3,3,4,/en/squads/fd962109/2024-2025/Fulham-Stats
ENG-Premier League,2425,Ipswich Town,32,38,35,374,120,32.1,9.84,3.16,0.09,0.28,2,2,/en/squads/b74092de/2024-2025/Ipswich-Town-Stats
ENG-Premier League,2425,Leicester City,32,38,33,332,105,31.6,8.74,2.76,0.09,0.3,2,3,/en/squads/a2d435b3/2024-2025/Leicester-City-Stats
ENG-Premier League,2425,Liverpool,24,38,85,639,215,33.6,16.82,5.66,0.12,0.35,9,9,/en/squads/822bd0ba/2024-2025/Liverpool-Stats
ENG-Premier League,2425,Manchester City,30,38,71,603,208,34.5,15.87,5.47,0.11,0.33,3,4,/en/squads/b8fd03ef/2024-2025/Manchester-City-Stats
ENG-Premier League,2425,Manchester Utd,31,38,42,524,168,32.1,13.79,4.42,0.07,0.23,4,4,/en/squads/19538871/2024-2025/Manchester-United-Stats
ENG-Premier League,2425,Newcastle United,24,38,66,519,163,31.4,13.66,4.29,0.12,0.37,5,6,/en/squads/b2b47a98/2024-2025/Newcastle-United-Stats
ENG-Premier League,2425,Nottingham Forest,23,38,57,460,162,35.2,12.11,4.26,0.12,0.33,3,3,/en/squads/e4a775cb/2024-2025/Nottingham-Forest-Stats
ENG-Premier League,2425,Southampton,36,38,25,341,106,31.1,8.97,2.79,0.07,0.24,0,2,/en/squads/33c895d4/2024-2025/Southampton-Stats
ENG-Premier League,2425,Tottenham Hotspur,31,38,61,493,177,35.9,12.97,4.66,0.12,0.33,3,4,/en/squads/361ca564/2024-2025/Tottenham-Hotspur-Stats
ENG-Premier League,2425,West Ham United,27,38,43,473,137,29.0,12.45,3.61,0.08,0.29,3,3,/en/squads/7c21e445/2024-2025/West-Ham-United-Stats
ENG-Premier League,2425,Wolves,32,38,53,431,155,36.0,11.34,4.08,0.12,0.34,0,0,/en/squads/8cec06e1/2024-2025/Wolverhampton-Wanderers-Stats
ENG-Premier League,2526,Arsenal,24,36,64,522,176,33.7,14.5,4.89,0.11,0.34,4,4,/en/squads/18bb7c10/Arsenal-Stats
ENG-Premier League,2526,Aston Villa,30,36,47,457,156,34.1,12.69,4.33,0.1,0.3,0,0,/en/squads/8602292d/Aston-Villa-Stats
ENG-Premier League,2526,Bournemouth,26,36,55,499,172,34.5,13.86,4.78,0.1,0.29,5,6,/en/squads/4ba7cbea/Bournemouth-Stats
ENG-Premier League,2526,Brentford,26,36,50,380,142,37.4,10.56,3.94,0.11,0.3,8,10,/en/squads/cd051869/Brentford-Stats
ENG-Premier League,2526,Brighton,28,36,51,462,166,35.9,12.83,4.61,0.1,0.29,3,5,/en/squads/d07537b9/Brighton-and-Hove-Albion-Stats
ENG-Premier League,2526,Burnley,28,36,34,334,110,32.9,9.28,3.06,0.1,0.29,2,2,/en/squads/943e8050/Burnley-Stats
ENG-Premier League,2526,Chelsea,29,36,54,492,159,32.3,13.67,4.42,0.1,0.3,7,8,/en/squads/cff3d9bb/Chelsea-Stats
ENG-Premier League,2526,Crystal Palace,29,35,37,412,131,31.8,11.77,3.74,0.07,0.23,7,7,/en/squads/47c64c55/Crystal-Palace-Stats
ENG-Premier League,2526,Everton,22,36,44,402,137,34.1,11.17,3.81,0.1,0.31,2,2,/en/squads/d3fd31cc/Everton-Stats
ENG-Premier League,2526,Fulham,24,36,40,447,127,28.4,12.42,3.53,0.08,0.28,4,4,/en/squads/fd962109/Fulham-Stats
ENG-Premier League,2526,Leeds United,24,36,47,457,147,32.2,12.69,4.08,0.09,0.28,6,8,/en/squads/5bfb9659/Leeds-United-Stats
ENG-Premier League,2526,Liverpool,24,36,58,548,162,29.6,15.22,4.5,0.1,0.35,1,2,/en/squads/822bd0ba/Liverpool-Stats
ENG-Premier League,2526,Manchester City,27,35,69,550,193,35.1,15.71,5.51,0.12,0.34,3,4,/en/squads/b8fd03ef/Manchester-City-Stats
ENG-Premier League,2526,Manchester Utd,27,36,60,555,200,36.0,15.42,5.56,0.1,0.28,4,6,/en/squads/19538871/Manchester-United-Stats
ENG-Premier League,2526,Newcastle United,25,36,50,470,167,35.5,13.06,4.64,0.09,0.26,6,6,/en/squads/b2b47a98/Newcastle-United-Stats
ENG-Premier League,2526,Nottingham Forest,31,36,44,450,147,32.7,12.5,4.08,0.09,0.28,3,3,/en/squads/e4a775cb/Nottingham-Forest-Stats
ENG-Premier League,2526,Sunderland,29,36,34,368,121,32.9,10.22,3.36,0.08,0.25,4,5,/en/squads/8ef52968/Sunderland-Stats
ENG-Premier League,2526,Tottenham Hotspur,31,36,45,406,141,34.7,11.28,3.92,0.11,0.32,0,0,/en/squads/361ca564/Tottenham-Hotspur-Stats
ENG-Premier League,2526,West Ham United,32,36,40,373,125,33.5,10.36,3.47,0.1,0.3,3,3,/en/squads/7c21e445/West-Ham-United-Stats
ENG-Premier League,2526,Wolves,30,36,24,342,116,33.9,9.5,3.22,0.06,0.19,2,4,/en/squads/8cec06e1/Wolverhampton-Wanderers-Stats
ESP-La Liga,2223,Almería,29,38,49,439,155,35.3,11.55,4.08,0.11,0.3,2,3,/en/squads/78ecf4bb/2022-2023/Almeria-Stats
ESP-La Liga,2223,Athletic Club,26,38,46,541,157,29.0,14.24,4.13,0.08,0.26,5,7,/en/squads/2b390eca/2022-2023/Athletic-Club-Stats
ESP-La Liga,2223,Atlético Madrid,27,38,68,538,195,36.2,14.16,5.13,0.12,0.34,1,1,/en/squads/db3b9613/2022-2023/Atletico-Madrid-Stats
ESP-La Liga,2223,Barcelona,29,38,69,570,187,32.8,15.0,4.92,0.12,0.37,0,2,/en/squads/206d90db/2022-2023/Barcelona-Stats
ESP-La Liga,2223,Celta Vigo,26,38,41,470,160,34.0,12.37,4.21,0.08,0.24,2,3,/en/squads/f25da7fb/2022-2023/Celta-Vigo-Stats
ESP-La Liga,2223,Cádiz,38,38,29,390,108,27.7,10.26,2.84,0.06,0.23,4,5,/en/squads/ee7c297c/2022-2023/Cadiz-Stats
ESP-La Liga,2223,Elche,32,38,30,400,124,31.0,10.53,3.26,0.07,0.21,4,5,/en/squads/6c8b07df/2022-2023/Elche-Stats
ESP-La Liga,2223,Espanyol,33,38,51,417,151,36.2,10.97,3.97,0.11,0.3,5,5,/en/squads/a8661628/2022-2023/Espanyol-Stats
ESP-La Liga,2223,Getafe,25,38,34,365,116,31.8,9.61,3.05,0.08,0.25,5,8,/en/squads/7848bd64/2022-2023/Getafe-Stats
ESP-La Liga,2223,Girona,29,38,55,446,160,35.9,11.74,4.21,0.11,0.29,8,9,/en/squads/9024a00a/2022-2023/Girona-Stats
ESP-La Liga,2223,Mallorca,31,38,36,324,107,33.0,8.53,2.82,0.1,0.3,4,5,/en/squads/2aa12281/2022-2023/Mallorca-Stats
ESP-La Liga,2223,Osasuna,26,38,36,441,133,30.2,11.61,3.5,0.07,0.24,4,5,/en/squads/03c57e2b/2022-2023/Osasuna-Stats
ESP-La Liga,2223,Rayo Vallecano,28,38,41,510,146,28.6,13.42,3.84,0.07,0.25,4,8,/en/squads/98e8af82/2022-2023/Rayo-Vallecano-Stats
ESP-La Liga,2223,Real Betis,30,38,43,411,138,33.6,10.82,3.63,0.09,0.25,8,9,/en/squads/fc536746/2022-2023/Real-Betis-Stats
ESP-La Liga,2223,Real Madrid,26,38,73,634,206,32.5,16.68,5.42,0.1,0.31,9,12,/en/squads/53a2f082/2022-2023/Real-Madrid-Stats
ESP-La Liga,2223,Real Sociedad,30,38,47,465,173,37.2,12.24,4.55,0.1,0.26,2,4,/en/squads/e31d1cd9/2022-2023/Real-Sociedad-Stats
ESP-La Liga,2223,Sevilla,35,38,47,463,141,30.5,12.18,3.71,0.09,0.3,4,5,/en/squads/ad2be733/2022-2023/Sevilla-Stats
ESP-La Liga,2223,Valencia,28,38,40,480,140,29.2,12.63,3.68,0.07,0.25,5,8,/en/squads/dcc91a7b/2022-2023/Valencia-Stats
ESP-La Liga,2223,Valladolid,36,38,32,443,137,30.9,11.66,3.61,0.07,0.21,3,4,/en/squads/17859612/2022-2023/Valladolid-Stats
ESP-La Liga,2223,Villarreal,32,38,57,499,188,37.7,13.13,4.95,0.11,0.28,4,7,/en/squads/2a8183b3/2022-2023/Villarreal-Stats
ESP-La Liga,2324,Alavés,30,38,33,458,136,29.7,12.05,3.58,0.07,0.22,3,7,/en/squads/8d6fd021/2023-2024/Alaves-Stats
ESP-La Liga,2324,Almería,35,38,42,478,163,34.1,12.58,4.29,0.08,0.25,2,2,/en/squads/78ecf4bb/2023-2024/Almeria-Stats
ESP-La Liga,2324,Athletic Club,27,38,59,458,163,35.6,12.05,4.29,0.12,0.34,3,5,/en/squads/2b390eca/2023-2024/Athletic-Club-Stats
ESP-La Liga,2324,Atlético Madrid,27,38,68,475,197,41.5,12.5,5.18,0.13,0.32,5,6,/en/squads/db3b9613/2023-2024/Atletico-Madrid-Stats
ESP-La Liga,2324,Barcelona,29,38,76,588,219,37.2,15.47,5.76,0.12,0.32,6,7,/en/squads/206d90db/2023-2024/Barcelona-Stats
ESP-La Liga,2324,Celta Vigo,31,38,45,467,151,32.3,12.29,3.97,0.09,0.28,3,5,/en/squads/f25da7fb/2023-2024/Celta-Vigo-Stats
ESP-La Liga,2324,Cádiz,34,38,25,395,120,30.4,10.39,3.16,0.06,0.18,3,3,/en/squads/ee7c297c/2023-2024/Cadiz-Stats
ESP-La Liga,2324,Getafe,33,38,42,446,150,33.6,11.74,3.95,0.08,0.24,6,7,/en/squads/7848bd64/2023-2024/Getafe-Stats
ESP-La Liga,2324,Girona,25,38,84,476,178,37.4,12.53,4.68,0.16,0.43,7,8,/en/squads/9024a00a/2023-2024/Girona-Stats
ESP-La Liga,2324,Granada,40,38,35,394,123,31.2,10.37,3.24,0.08,0.24,5,8,/en/squads/a0435291/2023-2024/Granada-Stats
ESP-La Liga,2324,Las Palmas,29,38,33,386,120,31.1,10.16,3.16,0.08,0.25,3,5,/en/squads/0049d422/2023-2024/Las-Palmas-Stats
ESP-La Liga,2324,Mallorca,25,38,33,415,131,31.6,10.92,3.45,0.08,0.24,1,3,/en/squads/2aa12281/2023-2024/Mallorca-Stats
ESP-La Liga,2324,Osasuna,29,38,45,421,124,29.5,11.08,3.26,0.1,0.33,4,5,/en/squads/03c57e2b/2023-2024/Osasuna-Stats
ESP-La Liga,2324,Rayo Vallecano,26,38,29,487,160,32.9,12.82,4.21,0.05,0.14,6,6,/en/squads/98e8af82/2023-2024/Rayo-Vallecano-Stats
ESP-La Liga,2324,Real Betis,35,38,46,489,150,30.7,12.87,3.95,0.09,0.29,2,3,/en/squads/fc536746/2023-2024/Real-Betis-Stats
ESP-La Liga,2324,Real Madrid,27,38,85,593,242,40.8,15.61,6.37,0.14,0.34,2,5,/en/squads/53a2f082/2023-2024/Real-Madrid-Stats
ESP-La Liga,2324,Real Sociedad,31,38,48,457,147,32.2,12.03,3.87,0.1,0.3,4,4,/en/squads/e31d1cd9/2023-2024/Real-Sociedad-Stats
ESP-La Liga,2324,Sevilla,35,38,46,487,160,32.9,12.82,4.21,0.09,0.28,2,2,/en/squads/ad2be733/2023-2024/Sevilla-Stats
ESP-La Liga,2324,Valencia,29,38,39,368,123,33.4,9.68,3.24,0.08,0.25,8,9,/en/squads/dcc91a7b/2023-2024/Valencia-Stats
ESP-La Liga,2324,Villarreal,32,38,64,462,163,35.3,12.16,4.29,0.13,0.36,5,7,/en/squads/2a8183b3/2023-2024/Villarreal-Stats
ESP-La Liga,2425,Alavés,29,38,38,393,123,31.3,10.34,3.24,0.07,0.24,9,11,/en/squads/8d6fd021/2024-2025/Alaves-Stats
ESP-La Liga,2425,Athletic Club,31,38,53,462,148,32.0,12.16,3.89,0.11,0.34,3,6,/en/squads/2b390eca/2024-2025/Athletic-Club-Stats
ESP-La Liga,2425,Atlético Madrid,24,38,68,463,174,37.6,12.18,4.58,0.13,0.36,6,7,/en/squads/db3b9613/2024-2025/Atletico-Madrid-Stats
ESP-La Liga,2425,Barcelona,28,38,99,670,240,35.8,17.63,6.32,0.14,0.38,7,8,/en/squads/206d90db/2024-2025/Barcelona-Stats
ESP-La Liga,2425,Celta Vigo,30,38,58,442,167,37.8,11.63,4.39,0.11,0.3,8,9,/en/squads/f25da7fb/2024-2025/Celta-Vigo-Stats
ESP-La Liga,2425,Espanyol,27,38,38,351,98,27.9,9.24,2.58,0.09,0.34,5,5,/en/squads/a8661628/2024-2025/Espanyol-Stats
ESP-La Liga,2425,Getafe,30,38,34,430,122,28.4,11.32,3.21,0.07,0.24,5,5,/en/squads/7848bd64/2024-2025/Getafe-Stats
ESP-La Liga,2425,Girona,30,38,43,397,134,33.8,10.45,3.53,0.1,0.29,4,5,/en/squads/9024a00a/2024-2025/Girona-Stats
ESP-La Liga,2425,Las Palmas,34,38,38,409,134,32.8,10.76,3.53,0.09,0.26,3,4,/en/squads/0049d422/2024-2025/Las-Palmas-Stats
ESP-La Liga,2425,Leganés,26,38,38,345,110,31.9,9.08,2.89,0.1,0.3,5,7,/en/squads/7c6f2c78/2024-2025/Leganes-Stats
ESP-La Liga,2425,Mallorca,28,38,34,382,107,28.0,10.05,2.82,0.08,0.28,4,5,/en/squads/2aa12281/2024-2025/Mallorca-Stats
ESP-La Liga,2425,Osasuna,25,38,46,409,123,30.1,10.76,3.24,0.09,0.3,9,9,/en/squads/03c57e2b/2024-2025/Osasuna-Stats
ESP-La Liga,2425,Rayo Vallecano,26,38,38,514,162,31.5,13.53,4.26,0.07,0.23,0,1,/en/squads/98e8af82/2024-2025/Rayo-Vallecano-Stats
ESP-La Liga,2425,Real Betis,36,38,55,518,176,34.0,13.63,4.63,0.09,0.27,7,10,/en/squads/fc536746/2024-2025/Real-Betis-Stats
ESP-La Liga,2425,Real Madrid,30,38,78,621,229,36.9,16.34,6.03,0.11,0.3,10,14,/en/squads/53a2f082/2024-2025/Real-Madrid-Stats
ESP-La Liga,2425,Real Sociedad,31,38,34,387,123,31.8,10.18,3.24,0.08,0.24,4,4,/en/squads/e31d1cd9/2024-2025/Real-Sociedad-Stats
ESP-La Liga,2425,Sevilla,35,38,39,472,148,31.4,12.42,3.89,0.08,0.25,2,3,/en/squads/ad2be733/2024-2025/Sevilla-Stats
ESP-La Liga,2425,Valencia,32,38,43,383,116,30.3,10.08,3.05,0.1,0.33,5,5,/en/squads/dcc91a7b/2024-2025/Valencia-Stats
ESP-La Liga,2425,Valladolid,38,38,26,331,97,29.3,8.71,2.55,0.06,0.22,5,5,/en/squads/17859612/2024-2025/Valladolid-Stats
ESP-La Liga,2425,Villarreal,31,38,69,530,171,32.3,13.95,4.5,0.12,0.37,5,7,/en/squads/2a8183b3/2024-2025/Villarreal-Stats
ESP-La Liga,2526,Alavés,28,35,38,427,139,32.6,12.2,3.97,0.07,0.22,7,7,/en/squads/8d6fd021/Alaves-Stats
ESP-La Liga,2526,Athletic Club,28,35,39,476,157,33.0,13.6,4.49,0.07,0.22,5,6,/en/squads/2b390eca/Athletic-Club-Stats
ESP-La Liga,2526,Atlético Madrid,36,35,54,467,182,39.0,13.34,5.2,0.11,0.29,2,3,/en/squads/db3b9613/Atletico-Madrid-Stats
ESP-La Liga,2526,Barcelona,28,35,90,658,244,37.1,18.8,6.97,0.13,0.34,7,10,/en/squads/206d90db/Barcelona-Stats
ESP-La Liga,2526,Celta Vigo,31,35,48,356,142,39.9,10.17,4.06,0.11,0.28,8,8,/en/squads/f25da7fb/Celta-Vigo-Stats
ESP-La Liga,2526,Elche,32,35,44,389,139,35.7,11.11,3.97,0.1,0.29,4,5,/en/squads/6c8b07df/Elche-Stats
ESP-La Liga,2526,Espanyol,23,35,37,444,142,32.0,12.69,4.06,0.08,0.24,3,5,/en/squads/a8661628/Espanyol-Stats
ESP-La Liga,2526,Getafe,32,35,27,334,98,29.3,9.54,2.8,0.07,0.26,2,4,/en/squads/7848bd64/Getafe-Stats
ESP-La Liga,2526,Girona,32,35,36,362,135,37.3,10.34,3.86,0.08,0.21,7,8,/en/squads/9024a00a/Girona-Stats
ESP-La Liga,2526,Levante,30,35,41,432,131,30.3,12.34,3.74,0.09,0.3,2,5,/en/squads/9800b6a1/Levante-Stats
ESP-La Liga,2526,Mallorca,28,35,43,372,146,39.2,10.63,4.17,0.1,0.26,5,7,/en/squads/2aa12281/Mallorca-Stats
ESP-La Liga,2526,Osasuna,24,35,40,392,133,33.9,11.2,3.8,0.09,0.26,6,8,/en/squads/03c57e2b/Osasuna-Stats
ESP-La Liga,2526,Oviedo,30,35,26,353,118,33.4,10.09,3.37,0.07,0.2,2,3,/en/squads/ab358912/Oviedo-Stats
ESP-La Liga,2526,Rayo Vallecano,28,35,36,494,166,33.6,14.11,4.74,0.07,0.2,3,4,/en/squads/98e8af82/Rayo-Vallecano-Stats
ESP-La Liga,2526,Real Betis,28,35,53,499,166,33.3,14.26,4.74,0.1,0.31,2,2,/en/squads/fc536746/Real-Betis-Stats
ESP-La Liga,2526,Real Madrid,33,35,70,620,237,38.2,17.71,6.77,0.09,0.24,12,14,/en/squads/53a2f082/Real-Madrid-Stats
ESP-La Liga,2526,Real Sociedad,34,35,53,447,166,37.1,12.77,4.74,0.1,0.27,8,9,/en/squads/e31d1cd9/Real-Sociedad-Stats
ESP-La Liga,2526,Sevilla,33,35,41,402,124,30.8,11.49,3.54,0.09,0.29,5,6,/en/squads/ad2be733/Sevilla-Stats
ESP-La Liga,2526,Valencia,27,35,38,405,108,26.7,11.57,3.09,0.08,0.31,5,9,/en/squads/dcc91a7b/Valencia-Stats
ESP-La Liga,2526,Villarreal,30,35,64,424,158,37.3,12.11,4.51,0.14,0.37,6,6,/en/squads/2a8183b3/Villarreal-Stats
FRA-Ligue 1,2223,Ajaccio,36,38,22,311,81,26.0,8.18,2.13,0.05,0.2,6,9,/en/squads/7a54bb4f/2022-2023/Ajaccio-Stats
FRA-Ligue 1,2223,Angers,33,38,31,367,121,33.0,9.66,3.18,0.07,0.22,4,4,/en/squads/69236f98/2022-2023/Angers-Stats
FRA-Ligue 1,2223,Auxerre,33,38,32,420,117,27.9,11.05,3.08,0.06,0.21,7,9,/en/squads/5ae09109/2022-2023/Auxerre-Stats
FRA-Ligue 1,2223,Brest,29,38,43,417,132,31.7,10.97,3.47,0.09,0.27,7,8,/en/squads/fb08dbb3/2022-2023/Brest-Stats
FRA-Ligue 1,2223,Clermont Foot,28,38,44,393,139,35.4,10.34,3.66,0.09,0.27,7,10,/en/squads/d9676424/2022-2023/Clermont-Foot-Stats
FRA-Ligue 1,2223,Lens,29,38,66,518,177,34.2,13.63,4.66,0.12,0.34,6,9,/en/squads/fd4e0f7d/2022-2023/Lens-Stats
FRA-Ligue 1,2223,Lille,26,38,65,545,201,36.9,14.34,5.29,0.1,0.27,11,12,/en/squads/cb188c0c/2022-2023/Lille-Stats
FRA-Ligue 1,2223,Lorient,30,38,49,397,149,37.5,10.45,3.92,0.11,0.3,4,6,/en/squads/d2c87802/2022-2023/Lorient-Stats
FRA-Ligue 1,2223,Lyon,29,38,63,511,199,38.9,13.45,5.24,0.11,0.29,6,8,/en/squads/d53c0b06/2022-2023/Lyon-Stats
FRA-Ligue 1,2223,Marseille,30,38,61,546,173,31.7,14.37,4.55,0.1,0.32,6,7,/en/squads/5725cc7b/2022-2023/Marseille-Stats
FRA-Ligue 1,2223,Monaco,27,38,69,470,199,42.3,12.37,5.24,0.14,0.32,5,8,/en/squads/fd6114db/2022-2023/Monaco-Stats
FRA-Ligue 1,2223,Montpellier,31,38,64,435,165,37.9,11.45,4.34,0.13,0.35,7,7,/en/squads/281b0e73/2022-2023/Montpellier-Stats
FRA-Ligue 1,2223,Nantes,29,38,35,443,151,34.1,11.66,3.97,0.07,0.21,3,5,/en/squads/d7a486cd/2022-2023/Nantes-Stats
FRA-Ligue 1,2223,Nice,34,38,47,507,187,36.9,13.34,4.92,0.08,0.22,6,7,/en/squads/132ebc33/2022-2023/Nice-Stats
FRA-Ligue 1,2223,Paris Saint-Germain,26,38,86,562,242,43.1,14.79,6.37,0.14,0.33,5,7,/en/squads/e2d8892c/2022-2023/Paris-Saint-Germain-Stats
FRA-Ligue 1,2223,Reims,34,38,45,516,165,32.0,13.58,4.34,0.07,0.23,7,8,/en/squads/7fdd64e0/2022-2023/Reims-Stats
FRA-Ligue 1,2223,Rennes,32,38,66,526,189,35.9,13.84,4.97,0.12,0.33,3,3,/en/squads/b3072e00/2022-2023/Rennes-Stats
FRA-Ligue 1,2223,Strasbourg,29,38,48,442,150,33.9,11.63,3.95,0.1,0.29,5,7,/en/squads/c0d3eab4/2022-2023/Strasbourg-Stats
FRA-Ligue 1,2223,Toulouse,29,38,50,453,171,37.7,11.92,4.5,0.1,0.27,4,4,/en/squads/3f8c4b5f/2022-2023/Toulouse-Stats
FRA-Ligue 1,2223,Troyes,32,38,43,390,130,33.3,10.26,3.42,0.1,0.29,5,5,/en/squads/54195385/2022-2023/Troyes-Stats
FRA-Ligue 1,2324,Brest,25,34,51,481,165,34.3,14.15,4.85,0.1,0.28,4,4,/en/squads/fb08dbb3/2023-2024/Brest-Stats
FRA-Ligue 1,2324,Clermont Foot,31,34,26,382,120,31.4,11.24,3.53,0.05,0.17,6,8,/en/squads/d9676424/2023-2024/Clermont-Foot-Stats
FRA-Ligue 1,2324,Le Havre,27,34,33,381,113,29.7,11.21,3.32,0.07,0.24,6,7,/en/squads/5c2737db/2023-2024/Le-Havre-Stats
FRA-Ligue 1,2324,Lens,27,34,45,487,167,34.3,14.32,4.91,0.08,0.23,6,7,/en/squads/fd4e0f7d/2023-2024/Lens-Stats
FRA-Ligue 1,2324,Lille,28,34,50,438,165,37.7,12.88,4.85,0.11,0.29,2,3,/en/squads/cb188c0c/2023-2024/Lille-Stats
FRA-Ligue 1,2324,Lorient,38,34,41,368,135,36.7,10.82,3.97,0.11,0.3,1,1,/en/squads/d2c87802/2023-2024/Lorient-Stats
FRA-Ligue 1,2324,Lyon,35,34,48,439,168,38.3,12.91,4.94,0.1,0.26,4,4,/en/squads/d53c0b06/2023-2024/Lyon-Stats
FRA-Ligue 1,2324,Marseille,33,34,50,477,152,31.9,14.03,4.47,0.1,0.3,4,4,/en/squads/5725cc7b/2023-2024/Marseille-Stats
FRA-Ligue 1,2324,Metz,30,34,35,326,106,32.5,9.59,3.12,0.1,0.29,4,6,/en/squads/f83960ae/2023-2024/Metz-Stats
FRA-Ligue 1,2324,Monaco,30,34,66,512,202,39.5,15.06,5.94,0.13,0.32,2,5,/en/squads/fd6114db/2023-2024/Monaco-Stats
FRA-Ligue 1,2324,Montpellier,31,34,41,437,153,35.0,12.85,4.5,0.08,0.22,7,7,/en/squads/281b0e73/2023-2024/Montpellier-Stats
FRA-Ligue 1,2324,Nantes,35,34,30,376,129,34.3,11.06,3.79,0.07,0.2,4,5,/en/squads/d7a486cd/2023-2024/Nantes-Stats
FRA-Ligue 1,2324,Nice,27,34,39,452,149,33.0,13.29,4.38,0.07,0.22,6,7,/en/squads/132ebc33/2023-2024/Nice-Stats
FRA-Ligue 1,2324,Paris Saint-Germain,29,34,78,504,187,37.1,14.82,5.5,0.14,0.38,7,9,/en/squads/e2d8892c/2023-2024/Paris-Saint-Germain-Stats
FRA-Ligue 1,2324,Reims,29,34,40,411,126,30.7,12.09,3.71,0.09,0.29,3,4,/en/squads/7fdd64e0/2023-2024/Reims-Stats
FRA-Ligue 1,2324,Rennes,29,34,53,476,157,33.0,14.0,4.62,0.09,0.27,10,11,/en/squads/b3072e00/2023-2024/Rennes-Stats
FRA-Ligue 1,2324,Strasbourg,30,34,36,363,119,32.8,10.68,3.5,0.09,0.28,3,4,/en/squads/c0d3eab4/2023-2024/Strasbourg-Stats
FRA-Ligue 1,2324,Toulouse,26,34,42,395,128,32.4,11.62,3.76,0.09,0.28,6,9,/en/squads/3f8c4b5f/2023-2024/Toulouse-Stats
FRA-Ligue 1,2425,Angers,30,34,31,311,91,29.3,9.15,2.68,0.08,0.29,5,6,/en/squads/69236f98/2024-2025/Angers-Stats
FRA-Ligue 1,2425,Auxerre,29,34,47,375,144,38.4,11.03,4.24,0.11,0.3,4,5,/en/squads/5ae09109/2024-2025/Auxerre-Stats
FRA-Ligue 1,2425,Brest,30,34,52,409,151,36.9,12.03,4.44,0.11,0.3,7,9,/en/squads/fb08dbb3/2024-2025/Brest-Stats
FRA-Ligue 1,2425,Le Havre,31,34,37,339,97,28.6,9.97,2.85,0.08,0.29,9,10,/en/squads/5c2737db/2024-2025/Le-Havre-Stats
FRA-Ligue 1,2425,Lens,33,34,40,484,148,30.6,14.24,4.35,0.07,0.24,5,5,/en/squads/fd4e0f7d/2024-2025/Lens-Stats
FRA-Ligue 1,2425,Lille,27,34,52,424,154,36.3,12.47,4.53,0.11,0.29,7,10,/en/squads/cb188c0c/2024-2025/Lille-Stats
FRA-Ligue 1,2425,Lyon,31,34,62,434,173,39.9,12.76,5.09,0.12,0.31,8,10,/en/squads/d53c0b06/2024-2025/Lyon-Stats
FRA-Ligue 1,2425,Marseille,32,34,70,481,185,38.5,14.15,5.44,0.13,0.34,8,10,/en/squads/5725cc7b/2024-2025/Marseille-Stats
FRA-Ligue 1,2425,Monaco,28,34,63,493,180,36.5,14.5,5.29,0.12,0.32,6,7,/en/squads/fd6114db/2024-2025/Monaco-Stats
FRA-Ligue 1,2425,Montpellier,35,34,23,371,111,29.9,10.91,3.26,0.05,0.18,3,4,/en/squads/281b0e73/2024-2025/Montpellier-Stats
FRA-Ligue 1,2425,Nantes,30,34,39,345,119,34.5,10.15,3.5,0.1,0.29,5,5,/en/squads/d7a486cd/2024-2025/Nantes-Stats
FRA-Ligue 1,2425,Nice,31,34,62,486,183,37.7,14.29,5.38,0.12,0.31,6,6,/en/squads/132ebc33/2024-2025/Nice-Stats
FRA-Ligue 1,2425,Paris Saint-Germain,28,34,89,628,272,43.3,18.47,8.0,0.13,0.31,6,7,/en/squads/e2d8892c/2024-2025/Paris-Saint-Germain-Stats
FRA-Ligue 1,2425,Reims,34,34,32,393,111,28.2,11.56,3.26,0.08,0.28,1,2,/en/squads/7fdd64e0/2024-2025/Reims-Stats
FRA-Ligue 1,2425,Rennes,35,34,51,423,155,36.6,12.44,4.56,0.11,0.3,5,8,/en/squads/b3072e00/2024-2025/Rennes-Stats
FRA-Ligue 1,2425,Saint-Étienne,32,34,39,366,115,31.4,10.76,3.38,0.1,0.31,3,4,/en/squads/d298ef2c/2024-2025/Saint-Etienne-Stats
FRA-Ligue 1,2425,Strasbourg,30,34,54,354,140,39.5,10.41,4.12,0.15,0.37,2,2,/en/squads/c0d3eab4/2024-2025/Strasbourg-Stats
FRA-Ligue 1,2425,Toulouse,27,34,42,399,145,36.3,11.74,4.26,0.1,0.27,3,4,/en/squads/3f8c4b5f/2024-2025/Toulouse-Stats
FRA-Ligue 1,2526,Angers,30,33,27,308,109,35.4,9.33,3.3,0.08,0.22,3,5,/en/squads/69236f98/Angers-Stats
FRA-Ligue 1,2526,Auxerre,30,33,28,357,115,32.2,10.82,3.48,0.07,0.22,3,5,/en/squads/5ae09109/Auxerre-Stats
FRA-Ligue 1,2526,Brest,26,32,40,341,109,32.0,10.66,3.41,0.1,0.31,6,8,/en/squads/fb08dbb3/Brest-Stats
FRA-Ligue 1,2526,Le Havre,30,33,30,366,120,32.8,11.09,3.64,0.08,0.23,2,6,/en/squads/5c2737db/Le-Havre-Stats
FRA-Ligue 1,2526,Lens,29,32,61,522,175,33.5,16.31,5.47,0.11,0.33,4,5,/en/squads/fd4e0f7d/Lens-Stats
FRA-Ligue 1,2526,Lille,30,33,51,452,154,34.1,13.7,4.67,0.1,0.29,7,8,/en/squads/cb188c0c/Lille-Stats
FRA-Ligue 1,2526,Lorient,26,33,47,373,132,35.4,11.3,4.0,0.12,0.33,3,6,/en/squads/d2c87802/Lorient-Stats
FRA-Ligue 1,2526,Lyon,32,33,52,401,155,38.7,12.15,4.7,0.12,0.32,3,5,/en/squads/d53c0b06/Lyon-Stats
FRA-Ligue 1,2526,Marseille,38,33,59,485,184,37.9,14.7,5.58,0.11,0.29,6,8,/en/squads/5725cc7b/Marseille-Stats
FRA-Ligue 1,2526,Metz,33,33,31,326,104,31.9,9.88,3.15,0.08,0.25,5,6,/en/squads/f83960ae/Metz-Stats
FRA-Ligue 1,2526,Monaco,32,33,54,405,143,35.3,12.27,4.33,0.12,0.34,6,7,/en/squads/fd6114db/Monaco-Stats
FRA-Ligue 1,2526,Nantes,33,33,28,374,108,28.9,11.33,3.27,0.07,0.24,2,4,/en/squads/d7a486cd/Nantes-Stats
FRA-Ligue 1,2526,Nice,36,33,35,360,130,36.1,10.91,3.94,0.09,0.25,3,3,/en/squads/132ebc33/Nice-Stats
FRA-Ligue 1,2526,Paris FC,31,33,44,378,126,33.3,11.45,3.82,0.1,0.31,5,6,/en/squads/056a5a75/Paris-FC-Stats
FRA-Ligue 1,2526,Paris Saint-Germain,27,32,70,582,221,38.0,18.19,6.91,0.11,0.29,5,8,/en/squads/e2d8892c/Paris-Saint-Germain-Stats
FRA-Ligue 1,2526,Rennes,33,33,56,455,163,35.8,13.79,4.94,0.11,0.31,5,6,/en/squads/b3072e00/Rennes-Stats
FRA-Ligue 1,2526,Strasbourg,35,32,50,364,146,40.1,11.37,4.56,0.12,0.3,6,7,/en/squads/c0d3eab4/Strasbourg-Stats
FRA-Ligue 1,2526,Toulouse,26,33,46,425,143,33.6,12.88,4.33,0.1,0.29,4,7,/en/squads/3f8c4b5f/Toulouse-Stats
ITA-Serie A,2223,Atalanta,27,38,64,506,168,33.2,13.32,4.42,0.11,0.35,6,8,/en/squads/922493f3/2022-2023/Atalanta-Stats
ITA-Serie A,2223,Bologna,27,38,52,479,150,31.3,12.61,3.95,0.1,0.31,6,6,/en/squads/1d8099f8/2022-2023/Bologna-Stats
ITA-Serie A,2223,Cremonese,33,38,35,458,122,26.6,12.05,3.21,0.07,0.25,5,7,/en/squads/9aad3a77/2022-2023/Cremonese-Stats
ITA-Serie A,2223,Empoli,32,38,35,447,129,28.9,11.76,3.39,0.07,0.26,2,2,/en/squads/a3d88bd8/2022-2023/Empoli-Stats
ITA-Serie A,2223,Fiorentina,30,38,51,597,171,28.6,15.71,4.5,0.08,0.27,4,6,/en/squads/421387cf/2022-2023/Fiorentina-Stats
ITA-Serie A,2223,Hellas Verona,36,38,29,415,116,28.0,10.92,3.05,0.07,0.24,1,1,/en/squads/0e72edf2/2022-2023/Hellas-Verona-Stats
ITA-Serie A,2223,Inter,25,38,68,625,197,31.5,16.45,5.18,0.1,0.32,4,5,/en/squads/d609edc0/2022-2023/Internazionale-Stats
ITA-Serie A,2223,Juventus,29,38,56,529,171,32.3,13.92,4.5,0.1,0.31,3,6,/en/squads/e0652b02/2022-2023/Juventus-Stats
ITA-Serie A,2223,Lazio,24,38,59,430,161,37.4,11.32,4.24,0.12,0.33,6,8,/en/squads/7213da33/2022-2023/Lazio-Stats
ITA-Serie A,2223,Lecce,29,38,31,412,106,25.7,10.84,2.79,0.07,0.25,4,6,/en/squads/ffcbe334/2022-2023/Lecce-Stats
ITA-Serie A,2223,Milan,30,38,61,546,178,32.6,14.37,4.68,0.1,0.31,5,5,/en/squads/dc56fe14/2022-2023/Milan-Stats
ITA-Serie A,2223,Monza,31,38,46,406,139,34.2,10.68,3.66,0.1,0.29,5,6,/en/squads/21680aa4/2022-2023/Monza-Stats
ITA-Serie A,2223,Napoli,27,38,75,605,212,35.0,15.92,5.58,0.11,0.32,8,10,/en/squads/d48ad4ff/2022-2023/Napoli-Stats
ITA-Serie A,2223,Roma,30,38,50,488,155,31.8,12.84,4.08,0.09,0.28,7,10,/en/squads/cf74a709/2022-2023/Roma-Stats
ITA-Serie A,2223,Salernitana,30,38,46,381,115,30.2,10.03,3.03,0.12,0.38,2,2,/en/squads/c5577084/2022-2023/Salernitana-Stats
ITA-Serie A,2223,Sampdoria,40,38,23,376,114,30.3,9.89,3.0,0.06,0.19,1,2,/en/squads/8ff9e3b3/2022-2023/Sampdoria-Stats
ITA-Serie A,2223,Sassuolo,31,38,46,477,161,33.8,12.55,4.24,0.08,0.23,9,10,/en/squads/e2befd26/2022-2023/Sassuolo-Stats
ITA-Serie A,2223,Spezia,34,38,29,419,120,28.6,11.03,3.16,0.06,0.21,4,4,/en/squads/68449f6d/2022-2023/Spezia-Stats
ITA-Serie A,2223,Torino,28,38,41,444,146,32.9,11.68,3.84,0.09,0.27,2,2,/en/squads/105360fe/2022-2023/Torino-Stats
ITA-Serie A,2223,Udinese,30,38,46,503,145,28.8,13.24,3.82,0.09,0.31,1,2,/en/squads/04eea015/2022-2023/Udinese-Stats
ITA-Serie A,2324,Atalanta,29,38,72,539,197,36.5,14.18,5.18,0.12,0.34,5,5,/en/squads/922493f3/2023-2024/Atalanta-Stats
ITA-Serie A,2324,Bologna,28,38,52,472,159,33.7,12.42,4.18,0.1,0.3,4,5,/en/squads/1d8099f8/2023-2024/Bologna-Stats
ITA-Serie A,2324,Cagliari,29,38,41,442,127,28.7,11.63,3.34,0.08,0.29,4,6,/en/squads/c4260e09/2023-2024/Cagliari-Stats
ITA-Serie A,2324,Empoli,34,38,26,413,112,27.1,10.87,2.95,0.05,0.19,5,5,/en/squads/a3d88bd8/2023-2024/Empoli-Stats
ITA-Serie A,2324,Fiorentina,30,38,60,515,171,33.2,13.55,4.5,0.11,0.33,4,8,/en/squads/421387cf/2023-2024/Fiorentina-Stats
ITA-Serie A,2324,Frosinone,34,38,44,460,147,32.0,12.11,3.87,0.08,0.24,8,10,/en/squads/6a7ad59d/2023-2024/Frosinone-Stats
ITA-Serie A,2324,Genoa,34,38,43,397,119,30.0,10.45,3.13,0.1,0.32,5,6,/en/squads/658bf2de/2023-2024/Genoa-Stats
ITA-Serie A,2324,Hellas Verona,36,38,38,435,146,33.6,11.45,3.84,0.08,0.24,3,7,/en/squads/0e72edf2/2023-2024/Hellas-Verona-Stats
ITA-Serie A,2324,Inter,27,38,87,580,196,33.8,15.26,5.16,0.13,0.38,13,14,/en/squads/d609edc0/2023-2024/Internazionale-Stats
ITA-Serie A,2324,Juventus,31,38,52,531,146,27.5,13.97,3.84,0.09,0.34,3,5,/en/squads/e0652b02/2023-2024/Juventus-Stats
ITA-Serie A,2324,Lazio,22,38,46,436,135,31.0,11.47,3.55,0.1,0.31,4,4,/en/squads/7213da33/2023-2024/Lazio-Stats
ITA-Serie A,2324,Lecce,26,38,30,503,147,29.2,13.24,3.87,0.05,0.18,3,5,/en/squads/ffcbe334/2023-2024/Lecce-Stats
ITA-Serie A,2324,Milan,35,38,76,554,202,36.5,14.58,5.32,0.13,0.35,6,8,/en/squads/dc56fe14/2023-2024/Milan-Stats
ITA-Serie A,2324,Monza,31,38,38,451,123,27.3,11.87,3.24,0.08,0.28,4,5,/en/squads/21680aa4/2023-2024/Monza-Stats
ITA-Serie A,2324,Napoli,29,38,54,638,196,30.7,16.79,5.16,0.08,0.24,6,10,/en/squads/d48ad4ff/2023-2024/Napoli-Stats
ITA-Serie A,2324,Roma,30,38,64,464,142,30.6,12.21,3.74,0.11,0.37,11,12,/en/squads/cf74a709/2023-2024/Roma-Stats
ITA-Serie A,2324,Salernitana,39,38,32,398,118,29.6,10.47,3.11,0.08,0.25,2,2,/en/squads/c5577084/2023-2024/Salernitana-Stats
ITA-Serie A,2324,Sassuolo,30,38,42,453,144,31.8,11.92,3.79,0.08,0.24,7,8,/en/squads/e2befd26/2023-2024/Sassuolo-Stats
ITA-Serie A,2324,Torino,30,38,35,432,121,28.0,11.37,3.18,0.08,0.27,2,2,/en/squads/105360fe/2023-2024/Torino-Stats
ITA-Serie A,2324,Udinese,32,38,36,457,134,29.3,12.03,3.53,0.07,0.25,3,4,/en/squads/04eea015/2023-2024/Udinese-Stats
ITA-Serie A,2425,Atalanta,32,38,76,538,181,33.6,14.16,4.76,0.13,0.39,5,7,/en/squads/922493f3/2024-2025/Atalanta-Stats
ITA-Serie A,2425,Bologna,30,38,56,505,166,32.9,13.29,4.37,0.1,0.3,6,7,/en/squads/1d8099f8/2024-2025/Bologna-Stats
ITA-Serie A,2425,Cagliari,28,38,38,421,115,27.3,11.08,3.03,0.08,0.3,3,3,/en/squads/c4260e09/2024-2025/Cagliari-Stats
ITA-Serie A,2425,Como,38,38,44,519,176,33.9,13.66,4.63,0.08,0.25,0,2,/en/squads/28c9c3cd/2024-2025/Como-Stats
ITA-Serie A,2425,Empoli,34,38,31,367,107,29.2,9.66,2.82,0.08,0.27,2,3,/en/squads/a3d88bd8/2024-2025/Empoli-Stats
ITA-Serie A,2425,Fiorentina,34,38,58,439,166,37.8,11.55,4.37,0.12,0.31,6,8,/en/squads/421387cf/2024-2025/Fiorentina-Stats
ITA-Serie A,2425,Genoa,37,38,35,383,117,30.5,10.08,3.08,0.09,0.3,0,2,/en/squads/658bf2de/2024-2025/Genoa-Stats
ITA-Serie A,2425,Hellas Verona,32,38,31,372,95,25.5,9.79,2.5,0.08,0.31,2,2,/en/squads/0e72edf2/2024-2025/Hellas-Verona-Stats
ITA-Serie A,2425,Inter,26,38,76,565,179,31.7,14.87,4.71,0.12,0.38,8,9,/en/squads/d609edc0/2024-2025/Internazionale-Stats
ITA-Serie A,2425,Juventus,29,38,56,509,175,34.4,13.39,4.61,0.1,0.29,6,6,/en/squads/e0652b02/2024-2025/Juventus-Stats
ITA-Serie A,2425,Lazio,27,38,60,528,185,35.0,13.89,4.87,0.1,0.29,6,7,/en/squads/7213da33/2024-2025/Lazio-Stats
ITA-Serie A,2425,Lecce,31,38,27,450,119,26.4,11.84,3.13,0.05,0.2,3,4,/en/squads/ffcbe334/2024-2025/Lecce-Stats
ITA-Serie A,2425,Milan,35,38,59,555,185,33.3,14.61,4.87,0.1,0.3,4,8,/en/squads/dc56fe14/2024-2025/Milan-Stats
ITA-Serie A,2425,Monza,36,38,27,333,99,29.7,8.76,2.61,0.07,0.24,3,3,/en/squads/21680aa4/2024-2025/Monza-Stats
ITA-Serie A,2425,Napoli,27,38,56,499,150,30.1,13.13,3.95,0.1,0.35,4,5,/en/squads/d48ad4ff/2024-2025/Napoli-Stats
ITA-Serie A,2425,Parma,32,38,43,418,140,33.5,11.0,3.68,0.09,0.26,6,7,/en/squads/eab4234c/2024-2025/Parma-Stats
ITA-Serie A,2425,Roma,28,38,55,514,162,31.5,13.53,4.26,0.09,0.29,8,8,/en/squads/cf74a709/2024-2025/Roma-Stats
ITA-Serie A,2425,Torino,31,38,36,383,123,32.1,10.08,3.24,0.09,0.28,2,4,/en/squads/105360fe/2024-2025/Torino-Stats
ITA-Serie A,2425,Udinese,31,38,41,430,137,31.9,11.32,3.61,0.09,0.28,2,4,/en/squads/04eea015/2024-2025/Udinese-Stats
ITA-Serie A,2425,Venezia,36,38,31,381,120,31.5,10.03,3.16,0.07,0.23,4,5,/en/squads/af5d5982/2024-2025/Venezia-Stats
ITA-Serie A,2526,Atalanta,24,36,50,532,168,31.6,14.78,4.67,0.09,0.28,3,3,/en/squads/922493f3/Atalanta-Stats
ITA-Serie A,2526,Bologna,30,36,44,469,136,29.0,13.03,3.78,0.08,0.29,5,7,/en/squads/1d8099f8/Bologna-Stats
ITA-Serie A,2526,Cagliari,31,36,36,377,118,31.3,10.47,3.28,0.09,0.29,2,2,/en/squads/c4260e09/Cagliari-Stats
ITA-Serie A,2526,Como,24,36,59,512,181,35.4,14.22,5.03,0.11,0.3,4,7,/en/squads/28c9c3cd/Como-Stats
ITA-Serie A,2526,Cremonese,31,36,30,333,120,36.0,9.25,3.33,0.08,0.23,3,3,/en/squads/9aad3a77/Cremonese-Stats
ITA-Serie A,2526,Fiorentina,32,36,37,468,123,26.3,13.0,3.42,0.07,0.25,6,6,/en/squads/421387cf/Fiorentina-Stats
ITA-Serie A,2526,Genoa,33,36,40,415,140,33.7,11.53,3.89,0.08,0.25,5,9,/en/squads/658bf2de/Genoa-Stats
ITA-Serie A,2526,Hellas Verona,34,36,23,399,133,33.3,11.08,3.69,0.05,0.15,3,3,/en/squads/0e72edf2/Hellas-Verona-Stats
ITA-Serie A,2526,Inter,26,36,82,622,218,35.0,17.28,6.06,0.12,0.35,5,6,/en/squads/d609edc0/Internazionale-Stats
ITA-Serie A,2526,Juventus,27,36,57,596,214,35.9,16.56,5.94,0.09,0.26,2,5,/en/squads/e0652b02/Juventus-Stats
ITA-Serie A,2526,Lazio,28,36,37,396,145,36.6,11.0,4.03,0.08,0.23,4,5,/en/squads/7213da33/Lazio-Stats
ITA-Serie A,2526,Lecce,30,36,24,353,87,24.6,9.81,2.42,0.07,0.26,1,2,/en/squads/ffcbe334/Lecce-Stats
ITA-Serie A,2526,Milan,26,36,50,479,157,32.8,13.31,4.36,0.09,0.28,6,8,/en/squads/dc56fe14/Milan-Stats
ITA-Serie A,2526,Napoli,28,36,53,478,168,35.1,13.28,4.67,0.1,0.29,4,5,/en/squads/d48ad4ff/Napoli-Stats
ITA-Serie A,2526,Parma,31,36,25,389,99,25.4,10.81,2.75,0.06,0.23,2,2,/en/squads/eab4234c/Parma-Stats
ITA-Serie A,2526,Pisa,34,36,24,352,102,29.0,9.78,2.83,0.05,0.18,6,7,/en/squads/4cceedfc/Pisa-Stats
ITA-Serie A,2526,Roma,29,36,55,468,164,35.0,13.0,4.56,0.11,0.3,5,6,/en/squads/cf74a709/Roma-Stats
ITA-Serie A,2526,Sassuolo,31,36,43,385,136,35.3,10.69,3.78,0.11,0.3,2,4,/en/squads/e2befd26/Sassuolo-Stats
ITA-Serie A,2526,Torino,30,36,39,427,143,33.5,11.86,3.97,0.08,0.24,5,7,/en/squads/105360fe/Torino-Stats
ITA-Serie A,2526,Udinese,29,36,44,419,141,33.7,11.64,3.92,0.09,0.28,5,5,/en/squads/04eea015/Udinese-Stats
,2223,Augsburg,34,34,41,354,101,28.5,10.41,2.97,0.1,0.37,4,5,/en/squads/0cdc4311/2022-2023/Augsburg-Stats
,2223,Bayern Munich,28,34,90,625,251,40.2,18.38,7.38,0.14,0.35,3,5,/en/squads/054efa67/2022-2023/Bayern-Munich-Stats
,2223,Bochum,26,34,37,397,127,32.0,11.68,3.74,0.09,0.27,3,3,/en/squads/b42c6323/2022-2023/Bochum-Stats
,2223,Dortmund,30,34,81,558,219,39.2,16.41,6.44,0.14,0.35,4,6,/en/squads/add600ae/2022-2023/Dortmund-Stats
,2223,Eintracht Frankfurt,28,34,56,399,132,33.1,11.74,3.88,0.13,0.38,6,6,/en/squads/f0ac8ee6/2022-2023/Eintracht-Frankfurt-Stats
,2223,Freiburg,27,34,51,412,167,40.5,12.12,4.91,0.11,0.26,7,8,/en/squads/a486e511/2022-2023/Freiburg-Stats
,2223,Gladbach,27,34,52,403,166,41.2,11.85,4.88,0.12,0.29,4,6,/en/squads/32f3ee20/2022-2023/Monchengladbach-Stats
,2223,Hertha BSC,32,34,42,377,121,32.1,11.09,3.56,0.09,0.29,7,7,/en/squads/2818f8bc/2022-2023/Hertha-BSC-Stats
,2223,Hoffenheim,31,34,46,398,130,32.7,11.71,3.82,0.1,0.3,7,9,/en/squads/033ea6b8/2022-2023/Hoffenheim-Stats
,2223,Köln,27,34,46,413,146,35.4,12.15,4.29,0.1,0.29,4,4,/en/squads/bc357bf7/2022-2023/Koln-Stats
,2223,Leverkusen,27,34,57,432,160,37.0,12.71,4.71,0.12,0.33,5,7,/en/squads/c7a9f859/2022-2023/Leverkusen-Stats
,2223,Mainz 05,27,34,54,414,152,36.7,12.18,4.47,0.12,0.33,4,6,/en/squads/a224b06a/2022-2023/Mainz-05-Stats
,2223,RB Leipzig,25,34,64,497,182,36.6,14.62,5.35,0.12,0.32,6,7,/en/squads/acbb6a5b/2022-2023/RB-Leipzig-Stats
,2223,Schalke 04,35,34,32,421,123,29.2,12.38,3.62,0.07,0.23,4,5,/en/squads/c539e393/2022-2023/Schalke-04-Stats
,2223,Stuttgart,30,34,45,457,140,30.6,13.44,4.12,0.09,0.29,5,5,/en/squads/598bc722/2022-2023/Stuttgart-Stats
,2223,Union Berlin,28,34,49,374,113,30.2,11.0,3.32,0.12,0.41,3,7,/en/squads/7a41008f/2022-2023/Union-Berlin-Stats
,2223,Werder Bremen,25,34,50,363,136,37.5,10.68,4.0,0.12,0.33,5,6,/en/squads/62add3bf/2022-2023/Werder-Bremen-Stats
,2223,Wolfsburg,28,34,55,401,138,34.4,11.79,4.06,0.13,0.37,4,7,/en/squads/4eaa11d7/2022-2023/Wolfsburg-Stats
,2324,Augsburg,29,34,49,429,123,28.7,12.62,3.62,0.1,0.36,5,7,/en/squads/0cdc4311/2023-2024/Augsburg-Stats
,2324,Bayern Munich,30,34,93,633,229,36.2,18.62,6.74,0.14,0.38,5,5,/en/squads/054efa67/2023-2024/Bayern-Munich-Stats
,2324,Bochum,25,34,41,524,145,27.7,15.41,4.26,0.07,0.26,4,4,/en/squads/b42c6323/2023-2024/Bochum-Stats
,2324,Darmstadt 98,32,34,28,404,110,27.2,11.88,3.24,0.06,0.23,3,3,/en/squads/6a6967fc/2023-2024/Darmstadt-98-Stats
,2324,Dortmund,32,34,68,506,184,36.4,14.88,5.41,0.12,0.34,6,6,/en/squads/add600ae/2023-2024/Dortmund-Stats
,2324,Eintracht Frankfurt,34,34,48,402,139,34.6,11.82,4.09,0.11,0.33,2,3,/en/squads/f0ac8ee6/2023-2024/Eintracht-Frankfurt-Stats
,2324,Freiburg,25,34,43,392,131,33.4,11.53,3.85,0.09,0.27,7,9,/en/squads/a486e511/2023-2024/Freiburg-Stats
,2324,Gladbach,27,34,55,451,144,31.9,13.26,4.24,0.11,0.35,5,6,/en/squads/32f3ee20/2023-2024/Monchengladbach-Stats
,2324,Heidenheim,22,34,46,392,114,29.1,11.53,3.35,0.11,0.39,2,3,/en/squads/18d9d2a7/2023-2024/Heidenheim-Stats
,2324,Hoffenheim,30,34,65,457,160,35.0,13.44,4.71,0.13,0.37,6,6,/en/squads/033ea6b8/2023-2024/Hoffenheim-Stats
,2324,Köln,26,34,28,441,142,32.2,12.97,4.18,0.05,0.16,5,6,/en/squads/bc357bf7/2023-2024/Koln-Stats
,2324,Leverkusen,24,34,87,611,232,38.0,17.97,6.82,0.13,0.34,8,8,/en/squads/c7a9f859/2023-2024/Leverkusen-Stats
,2324,Mainz 05,30,34,38,476,134,28.2,14.0,3.94,0.08,0.28,1,5,/en/squads/a224b06a/2023-2024/Mainz-05-Stats
,2324,RB Leipzig,26,34,74,528,214,40.5,15.53,6.29,0.13,0.33,4,7,/en/squads/acbb6a5b/2023-2024/RB-Leipzig-Stats
,2324,Stuttgart,27,34,78,529,206,38.9,15.56,6.06,0.14,0.35,5,8,/en/squads/598bc722/2023-2024/Stuttgart-Stats
,2324,Union Berlin,30,34,33,403,127,31.5,11.85,3.74,0.07,0.24,3,6,/en/squads/7a41008f/2023-2024/Union-Berlin-Stats
,2324,Werder Bremen,30,34,45,407,125,30.7,11.97,3.68,0.1,0.32,5,6,/en/squads/62add3bf/2023-2024/Werder-Bremen-Stats
,2324,Wolfsburg,28,34,41,411,147,35.8,12.09,4.32,0.09,0.27,2,3,/en/squads/4eaa11d7/2023-2024/Wolfsburg-Stats
,2425,Augsburg,29,34,35,397,114,28.7,11.68,3.35,0.09,0.3,1,2,/en/squads/0cdc4311/2024-2025/Augsburg-Stats
,2425,Bayern Munich,29,34,96,636,255,40.1,18.71,7.5,0.14,0.34,9,10,/en/squads/054efa67/2024-2025/Bayern-Munich-Stats
,2425,Bochum,27,34,32,433,133,30.7,12.74,3.91,0.07,0.23,1,3,/en/squads/b42c6323/2024-2025/Bochum-Stats
,2425,Dortmund,28,34,69,478,157,32.8,14.06,4.62,0.13,0.41,5,6,/en/squads/add600ae/2024-2025/Dortmund-Stats
,2425,Eintracht Frankfurt,26,34,68,480,172,35.8,14.12,5.06,0.14,0.38,3,5,/en/squads/f0ac8ee6/2024-2025/Eintracht-Frankfurt-Stats
,2425,Freiburg,26,34,46,405,132,32.6,11.91,3.88,0.11,0.35,0,4,/en/squads/a486e511/2024-2025/Freiburg-Stats
,2425,Gladbach,26,34,53,413,153,37.0,12.15,4.5,0.12,0.32,4,5,/en/squads/32f3ee20/2024-2025/Monchengladbach-Stats
,2425,Heidenheim,27,34,37,398,124,31.2,11.71,3.65,0.08,0.26,5,5,/en/squads/18d9d2a7/2024-2025/Heidenheim-Stats
,2425,Hoffenheim,35,34,46,440,148,33.6,12.94,4.35,0.1,0.29,3,3,/en/squads/033ea6b8/2024-2025/Hoffenheim-Stats
,2425,Holstein Kiel,27,34,49,368,133,36.1,10.82,3.91,0.12,0.34,4,5,/en/squads/2ac661d9/2024-2025/Holstein-Kiel-Stats
,2425,Leverkusen,23,34,70,499,181,36.3,14.68,5.32,0.13,0.37,3,6,/en/squads/c7a9f859/2024-2025/Leverkusen-Stats
,2425,Mainz 05,25,34,53,417,142,34.1,12.26,4.18,0.12,0.35,4,4,/en/squads/a224b06a/2024-2025/Mainz-05-Stats
,2425,RB Leipzig,29,34,51,405,144,35.6,11.91,4.24,0.12,0.33,3,4,/en/squads/acbb6a5b/2024-2025/RB-Leipzig-Stats
,2425,St Pauli,28,34,26,377,109,28.9,11.09,3.21,0.07,0.23,1,2,/en/squads/54864664/2024-2025/St-Pauli-Stats
,2425,Stuttgart,29,34,61,465,172,37.0,13.68,5.06,0.13,0.34,2,6,/en/squads/598bc722/2024-2025/Stuttgart-Stats
,2425,Union Berlin,28,34,36,414,120,29.0,12.18,3.53,0.08,0.28,3,3,/en/squads/7a41008f/2024-2025/Union-Berlin-Stats
,2425,Werder Bremen,23,34,53,424,138,32.5,12.47,4.06,0.12,0.36,3,5,/en/squads/62add3bf/2024-2025/Werder-Bremen-Stats
,2425,Wolfsburg,27,34,53,432,137,31.7,12.71,4.03,0.11,0.36,4,5,/en/squads/4eaa11d7/2024-2025/Wolfsburg-Stats
,2526,Augsburg,29,33,45,434,156,35.9,13.15,4.73,0.09,0.26,4,6,/en/squads/0cdc4311/Augsburg-Stats
,2526,Bayern Munich,32,33,114,634,282,44.5,19.21,8.55,0.16,0.37,11,12,/en/squads/054efa67/Bayern-Munich-Stats
,2526,Dortmund,27,33,67,428,154,36.0,12.97,4.67,0.14,0.4,6,9,/en/squads/add600ae/Dortmund-Stats
,2526,Eintracht Frankfurt,28,33,59,392,150,38.3,11.88,4.55,0.14,0.37,4,4,/en/squads/f0ac8ee6/Eintracht-Frankfurt-Stats
,2526,Freiburg,26,33,45,405,138,34.1,12.27,4.18,0.1,0.29,5,6,/en/squads/a486e511/Freiburg-Stats
,2526,Gladbach,28,33,36,385,135,35.1,11.67,4.09,0.08,0.24,4,7,/en/squads/32f3ee20/Monchengladbach-Stats
,2526,Hamburger SV,31,33,39,400,149,37.3,12.12,4.52,0.09,0.23,4,6,/en/squads/26790c6a/Hamburger-SV-Stats
,2526,Heidenheim,30,33,41,374,118,31.6,11.33,3.58,0.1,0.33,2,2,/en/squads/18d9d2a7/Heidenheim-Stats
,2526,Hoffenheim,26,33,61,468,173,37.0,14.18,5.24,0.12,0.32,6,6,/en/squads/033ea6b8/Hoffenheim-Stats
,2526,Köln,27,33,46,447,156,34.9,13.55,4.73,0.1,0.28,3,3,/en/squads/bc357bf7/Koln-Stats
,2526,Leverkusen,28,33,66,490,167,34.1,14.85,5.06,0.12,0.35,7,7,/en/squads/c7a9f859/Leverkusen-Stats
,2526,Mainz 05,30,33,42,395,132,33.4,11.97,4.0,0.09,0.26,8,9,/en/squads/a224b06a/Mainz-05-Stats
,2526,RB Leipzig,29,33,63,524,198,37.8,15.88,6.0,0.12,0.31,1,3,/en/squads/acbb6a5b/RB-Leipzig-Stats
,2526,St Pauli,24,33,28,336,112,33.3,10.18,3.39,0.07,0.21,4,5,/en/squads/54864664/St-Pauli-Stats
,2526,Stuttgart,26,33,68,506,200,39.5,15.33,6.06,0.12,0.32,5,7,/en/squads/598bc722/Stuttgart-Stats
,2526,Union Berlin,26,33,40,407,124,30.5,12.33,3.76,0.09,0.3,3,5,/en/squads/7a41008f/Union-Berlin-Stats
,2526,Werder Bremen,28,33,36,434,137,31.6,13.15,4.15,0.08,0.24,3,4,/en/squads/62add3bf/Werder-Bremen-Stats
,2526,Wolfsburg,30,33,42,386,132,34.2,11.7,4.0,0.1,0.29,4,4,/en/squads/4eaa11d7/Wolfsburg-Stats
